choice,FSG_1,FSG_2,FSG_3,FSG_4,FSG_5,FSO_1,FSO_2,FSO_3,FSO_4,FSO_5,TT_1,TT_2,TT_3,TT_4,TT_5
1,1469,60,309,959,1991,3123,26,2546,5877,10068,594,0,0,0,0
1,3403,1031,36,441,60,12516,7272,253,2741,26,1200,1200,2484,2700,0
4,135,1031,36,3403,441,409,7272,253,12516,2741,2588,0,1752,0,2700
1,1959,262,294,1491,1556,858,5344,1043,690,434,0,0,2392,1900,2600
5,262,19,45,84,148,5344,68,309,809,2754,0,0,0,509,509
2,19,148,45,84,709,68,2754,309,809,269,0,509,0,509,509
5,84,76,1668,554,2701,809,121,10866,2979,4208,509,0,428,660,428
3,136,1504,671,1324,1335,249,198,1492,2309,5049,3332,1732,0,1800,1800
5,946,267,63,0,2939,236,3670,1050,5333,2361,665,0,664,664,0
2,1645,1000,2925,6330,483,7010,665,4548,11383,884,0,0,1200,1200,2500
4,63,267,2939,4358,1645,1050,3670,2361,16200,7010,664,0,0,840,0
4,933,96,635,717,3375,1770,1841,5147,93,17328,289,0,0,0,605
5,3375,933,96,635,821,17328,1770,1841,5147,1220,2100,0,832,832,0
2,821,717,933,96,635,1220,93,1770,1841,5147,283,426,283,426,426
4,933,96,635,717,552,1770,1841,5147,93,3932,289,0,0,0,529
1,2705,717,96,635,933,89841,93,1841,5147,1770,988,0,0,0,289
3,1510,1399,898,909,96,1147,1189,56296,916,1841,0,0,736,428,0
3,635,717,96,933,1399,5147,93,1841,1770,1189,0,0,0,289,0
5,933,717,96,635,2705,1770,93,1841,5147,89841,289,0,0,0,988
4,96,821,933,2705,635,1841,1220,1770,89841,5147,426,283,283,684,0
5,552,821,96,635,933,3932,1220,1841,5147,1770,1820,860,1244,1244,800
2,3210,1491,165,995,1344,3884,8362,437,1513,2562,0,0,1564,1900,1900
1,2473,4160,3479,1817,1622,1131,19515,27106,1498,7598,0,247,247,599,646
4,3289,1192,2201,4406,1399,9748,2578,30672,10446,1189,880,741,741,0,0
2,100,975,1840,241,4406,2641,1058,2872,485,10446,0,0,0,1500,0
5,241,975,100,1840,4409,485,1058,2641,2872,19541,975,0,0,0,1630
5,663,68,114,274,1841,1195,45,359,5555,7523,2000,0,0,0,0
3,1840,100,975,241,554,2872,2641,1058,485,2979,0,0,0,1500,1700
3,3479,4160,2473,1817,1622,27106,19515,1131,1498,7598,712,712,0,2080,2496
3,1199,889,4358,1934,206,13735,480,16200,23864,542,310,310,490,888,0
3,1101,1023,1556,148,6438,460,194,434,3677,77335,608,464,0,1064,1064
3,148,1556,2121,6438,2932,3677,434,41669,77335,2181,400,768,400,400,1332
4,6438,1556,148,2121,2932,77335,434,3677,41669,2181,400,768,400,400,1192
5,6438,1556,148,2121,1792,77335,434,3677,41669,2677,238,222,238,238,428
5,6438,1556,148,2121,1792,77335,434,3677,41669,2677,238,222,238,238,428
1,456,1556,148,2121,6438,0,434,3677,41669,77335,428,222,238,238,238
2,1556,456,148,2121,6438,434,0,3677,41669,77335,222,428,238,238,238
5,148,513,2109,1556,2932,3677,104,1759,434,2181,238,0,408,277,213
4,360,456,702,1792,84,100,0,792,2677,809,0,0,362,0,0
1,702,456,1792,360,388,792,0,2677,100,252,1200,0,0,0,1200
4,295,799,1850,1911,148,197,148,1213,686,3677,1508,1788,1508,1852,1720
2,217,2274,1617,233,1816,216,8347,1259,1470,3919,0,801,0,0,609
1,908,73,1399,663,233,1905,1608,1189,1195,1470,0,0,2300,2600,0
3,368,483,1256,1600,1399,3797,884,3675,3585,1189,573,570,573,573,876
5,483,16,1172,508,974,884,4009,726,4824,572,570,0,660,831,0
1,869,560,1689,3375,96,214,2100,6187,17328,1841,0,0,0,1300,2216
3,1689,869,3375,96,635,6187,214,17328,1841,5147,0,0,1300,2216,1500
5,96,560,1689,3375,869,1841,2100,6187,17328,214,2216,0,0,1300,0
4,96,468,3375,560,1689,1841,728,17328,2100,6187,1500,0,1036,1800,0
1,3375,1394,1689,96,635,17328,1528,6187,1841,5147,0,836,1300,2100,2100
1,3375,468,1394,96,1689,17328,728,1528,1841,6187,1036,0,1152,1500,1300
3,3400,417,4409,2701,96,17619,0,19541,4208,1841,0,0,0,1400,1500
4,1506,2677,2199,36,1190,632,9375,9420,276,1597,1436,1308,1308,0,0
4,933,96,635,717,1190,1770,1841,5147,93,1597,832,0,0,0,1952
5,1309,106,7024,772,20452,2066,327,12895,1424,83361,285,0,0,219,490
2,1190,1188,1463,842,67,1597,3200,2508,956,2329,568,1388,788,1424,1424
3,3830,895,5190,619,620,7566,0,59651,1542,1827,0,0,787,157,157
5,620,895,3830,619,5190,1827,0,7566,1542,59651,157,0,0,157,787
4,379,309,5190,4054,3418,225,33,59651,2456,6650,1176,0,588,588,1176
2,2287,294,570,1959,262,1420,1043,3478,858,5344,1500,0,1500,2392,2392
3,7024,106,20452,772,2287,12895,327,83361,1424,1420,788,788,1756,892,1500
1,5190,82,1424,625,7024,59651,0,1132,577,12895,2460,0,0,700,788
5,3830,82,1424,625,5190,7566,0,1132,577,59651,1048,0,0,700,2460
5,67,1190,1188,842,1463,2329,1597,3200,956,2508,1424,568,1388,1424,788
3,4358,1199,889,267,2939,16200,13735,480,3670,2361,1424,0,0,2544,2544
5,2939,1199,4358,267,889,2361,13735,16200,3670,480,2544,0,1424,2544,0
1,1335,1324,1651,1309,1199,5049,2309,22007,2066,13735,484,484,484,829,0
1,1614,1314,898,6617,1324,1645,6220,56296,95932,2309,1140,0,600,600,1100
2,2725,946,63,0,267,3107,236,1050,5333,3670,425,0,651,651,665
4,384,45,1325,2209,10325,551,111,30295,2410,37322,290,290,360,280,360
3,45,2209,1325,384,10325,111,2410,30295,551,37322,1160,800,1200,1000,1200
1,2209,45,1325,384,10325,2410,111,30295,551,37322,0,1196,1428,1196,1200
2,2209,1325,45,384,10325,2410,30295,111,551,37322,0,388,318,318,388
2,1325,1469,10325,384,2209,30295,3123,37322,551,2410,0,1431,0,276,0
2,106,1309,7024,772,483,327,2066,12895,1424,884,285,0,285,356,0
4,384,10325,45,1325,1331,551,37322,111,30295,9861,276,0,276,0,337
4,231,332,0,526,2063,2347,450,142,3918,3878,570,490,0,571,570
5,231,106,1309,772,7024,2347,327,2066,1424,12895,570,0,285,219,0
4,3400,1395,0,4409,772,17619,527,34996,19541,1424,600,0,0,600,668
1,2304,324,0,666,3400,8249,6322,40,1355,17619,0,0,2128,1600,600
4,3610,585,258,350,2304,5189,781,813,1083,8249,646,0,493,0,0
3,1447,552,401,2705,350,2000,3932,4547,89841,1083,896,0,984,600,0
2,106,1309,7024,772,552,327,2066,12895,1424,3932,836,0,836,1008,0
5,1190,552,1447,20452,2705,1597,3932,2000,83361,89841,1776,900,1156,1300,1300
2,1309,7024,2469,772,2322,2066,12895,17977,1424,867,0,285,495,356,480
5,1309,889,1199,267,4358,2066,480,13735,3670,16200,0,0,0,829,476
1,4358,889,1199,267,2939,16200,480,13735,3670,2361,476,0,0,829,829
5,267,91,1199,4358,889,3670,401,13735,16200,480,808,0,268,276,268
5,267,91,889,1199,4358,3670,401,480,13735,16200,808,0,476,476,0
3,889,91,4358,1199,267,480,401,16200,13735,3670,268,0,276,268,808
5,267,91,889,1199,4358,3670,401,480,13735,16200,829,169,560,560,169
5,1381,91,889,1199,4358,1629,401,480,13735,16200,743,169,560,560,169
5,1199,91,4358,889,898,13735,401,16200,480,56296,560,169,169,560,1296
4,889,91,4358,898,1199,480,401,16200,56296,13735,560,169,169,1296,560
1,1617,217,1816,233,889,1259,216,3919,1470,480,0,0,609,0,310
3,1816,217,1617,233,163,3919,216,1259,1470,1310,1884,0,0,0,2200
1,1617,217,1816,233,163,1259,216,3919,1470,1310,0,0,609,0,759
1,3418,217,1617,233,1816,6650,216,1259,1470,3919,1075,0,0,0,609
2,217,1617,1816,233,163,216,1259,3919,1470,1310,0,0,1884,0,2200
4,233,217,1816,1617,163,1470,216,3919,1259,1310,0,0,609,0,759
4,233,217,1617,1223,1816,1470,216,1259,42422,3919,0,0,0,919,609
3,1617,217,1223,233,1816,1259,216,42422,1470,3919,0,0,919,0,609
2,217,1617,1816,233,163,216,1259,3919,1470,1310,0,0,1884,0,2200
1,1617,217,1816,233,163,1259,216,3919,1470,1310,0,0,609,0,759
2,217,1617,1816,233,163,216,1259,3919,1470,1310,0,0,609,0,759
3,1816,217,1617,233,163,3919,216,1259,1470,1310,1884,0,0,0,2200
3,1816,217,1617,233,163,3919,216,1259,1470,1310,1884,0,0,0,2200
4,1730,1184,3153,526,233,15564,228,6816,3918,1470,1180,972,1180,0,0
2,834,629,1044,1622,526,1250,779,4743,7598,3918,0,0,0,708,0
5,1817,834,1044,1622,629,1498,1250,4743,7598,779,882,0,0,708,0
5,1622,629,834,1044,898,7598,779,1250,4743,56296,708,0,0,0,1109
4,1044,629,834,898,1622,4743,779,1250,56296,7598,0,0,0,1109,708
3,1044,629,834,1622,1817,4743,779,1250,7598,1498,0,0,0,708,882
3,1044,629,834,1622,1817,4743,779,1250,7598,1498,0,0,0,708,882
1,834,629,1044,1622,1817,1250,779,4743,7598,1498,0,0,0,708,882
2,629,834,1044,1622,1817,779,1250,4743,7598,1498,0,0,0,708,882
2,1184,3153,526,1730,1190,228,6816,3918,15564,1597,740,1372,1328,1372,1368
1,1730,1184,526,3153,1190,15564,228,3918,6816,1597,1372,740,1328,1372,2964
3,1622,403,3708,347,526,7598,40,6001,431,3918,740,740,552,2100,1328
5,2473,403,1622,347,3708,1131,40,7598,431,6001,857,261,261,724,173
5,1622,629,1044,575,834,7598,779,4743,104,1250,740,1120,1120,2000,1120
3,834,629,4160,1044,575,1250,779,19515,4743,104,393,393,1290,393,762
2,1548,1028,1491,2932,629,12008,4333,690,2181,779,0,0,888,1412,1120
1,1028,81,1491,1548,1556,4333,491,690,12008,434,265,0,0,265,511
3,1491,1548,1028,2932,1556,690,12008,4333,2181,434,265,0,0,407,511
1,1124,1028,1548,1491,2932,2413,4333,12008,690,2181,482,0,0,265,407
1,834,629,1044,1622,1817,1250,779,4743,7598,1498,0,0,0,708,882
2,629,834,1044,1622,1817,779,1250,4743,7598,1498,0,0,0,708,882
5,1622,629,834,1044,898,7598,779,1250,4743,56296,708,0,0,0,1109
2,629,898,834,1044,1622,779,56296,1250,4743,7598,0,1109,0,0,708
3,1044,629,834,1622,1817,4743,779,1250,7598,1498,0,0,0,708,882
5,1817,629,1044,1622,834,1498,779,4743,7598,1250,882,0,0,708,0
3,1044,629,834,1622,1817,4743,779,1250,7598,1498,0,0,0,708,882
5,1817,629,1044,1622,834,1498,779,4743,7598,1250,882,0,0,708,0
5,1817,629,1044,1622,834,1498,779,4743,7598,1250,2996,0,0,2392,0
4,1622,629,1044,834,1817,7598,779,4743,1250,1498,2392,0,0,0,2996
3,1044,834,629,1622,1817,4743,1250,779,7598,1498,0,0,0,2392,2996
3,1044,834,629,1622,1817,4743,1250,779,7598,1498,0,0,0,2392,2996
4,1044,629,834,898,1622,4743,779,1250,56296,7598,0,0,0,1109,708
3,834,629,898,1044,1622,1250,779,56296,4743,7598,0,0,1109,0,708
4,1622,629,1044,834,1817,7598,779,4743,1250,1498,708,0,0,0,882
2,629,834,1044,1622,1817,779,1250,4743,7598,1498,0,0,0,708,882
1,4054,646,2274,1760,1813,2456,194,8347,14651,2566,1466,397,397,397,689
2,646,4054,2274,1760,1813,194,2456,8347,14651,2566,397,1466,397,397,689
1,2725,946,63,0,646,3107,236,1050,5333,194,425,0,651,651,397
4,0,854,63,2725,3610,5333,263,1050,3107,5189,488,0,488,549,631
3,1184,3153,1730,526,946,228,6816,15564,3918,236,1188,900,900,1528,0
3,1184,3153,1730,526,1188,228,6816,15564,3918,3200,1188,900,900,1528,2492
2,1730,3153,1184,526,1188,15564,6816,228,3918,3200,900,900,1188,1528,2492
5,1188,1730,1184,526,3153,3200,15564,228,3918,6816,2492,900,1188,1528,900
2,1730,3153,1184,526,1188,15564,6816,228,3918,3200,290,290,399,505,859
5,1188,1730,1184,526,3153,3200,15564,228,3918,6816,859,290,399,505,290
4,2701,417,3400,4409,1668,4208,0,17619,19541,10866,1400,0,0,0,1400
1,7024,106,2469,2705,20452,12895,327,17977,89841,83361,672,672,1004,1208,1208
1,1239,1504,671,527,2477,12395,198,1492,106,10492,731,0,507,731,731
5,671,106,7024,2469,843,1492,327,12895,17977,153,1600,672,672,1004,980
2,106,7024,2469,2705,20452,327,12895,17977,89841,83361,672,672,1004,1208,1208
4,1556,2932,1028,2109,2469,434,2181,4333,1759,17977,1896,876,1976,0,1004
5,1817,629,1044,1622,834,1498,779,4743,7598,1250,2996,0,0,2392,0
2,629,834,1044,1622,1817,779,1250,4743,7598,1498,0,0,0,2392,2996
1,834,629,1044,1622,1817,1250,779,4743,7598,1498,0,0,0,2392,2996
5,1817,629,1044,1622,834,1498,779,4743,7598,1250,2996,0,0,2392,0
4,1314,898,6617,2725,946,6220,56296,95932,3107,236,249,0,0,976,425
1,4358,898,6617,1314,63,16200,56296,95932,6220,1050,1109,0,0,249,335
4,0,854,63,2725,3610,5333,263,1050,3107,5189,488,0,488,549,631
1,4054,5190,163,54,1247,2456,59651,1310,1601,4727,0,0,1264,1264,1264
2,5190,4054,163,54,1247,59651,2456,1310,1601,4727,0,0,1264,1264,1264
5,1247,5190,163,54,4054,4727,59651,1310,1601,2456,1264,0,1264,1264,0
3,280,1481,177,1856,231,5127,1372,907,3751,2347,1296,0,0,1296,2100
2,1481,177,280,1856,231,1372,907,5127,3751,2347,0,0,1296,1296,2100
1,803,442,231,2063,177,1587,125,2347,3878,907,771,0,0,0,618
5,233,403,1622,347,3708,1470,40,7598,431,6001,0,740,740,2100,552
1,889,91,1199,4358,60,480,401,13735,16200,26,268,0,268,276,0
5,889,1031,135,900,3403,480,7272,409,5818,12516,268,345,594,874,345
1,2001,322,591,36,1506,4634,1712,423,276,632,0,0,1708,2296,2000
5,995,329,817,0,413,1513,1285,1505,281,4402,882,0,747,747,506
2,110,699,0,681,2304,0,2341,30,6536,8249,2340,0,2268,2800,1900
2,699,2304,0,681,2449,2341,8249,30,6536,6044,0,1067,676,811,1197
3,280,1481,177,1856,699,5127,1372,907,3751,2341,1296,0,0,1296,0
2,1481,177,280,1856,231,1372,907,5127,3751,2347,0,0,1296,1296,2100
5,177,3210,1491,900,165,907,3884,8362,5818,437,0,1564,1564,2388,0
3,3479,4160,2473,1817,1622,27106,19515,1131,1498,7598,0,0,247,369,687
2,60,959,309,1991,130,26,5877,2546,10068,324,0,0,0,0,1300
1,2952,456,176,625,60,4534,0,4754,577,26,0,0,0,1144,0
4,2952,435,176,456,625,4534,100,4754,0,577,0,0,0,0,1144
2,547,260,275,2578,176,0,128,4672,3929,4754,0,0,0,0,0
1,1192,2201,903,1324,260,2578,30672,735,2309,128,0,0,267,630,0
1,2109,3289,3401,2287,570,1759,9748,21946,1420,3478,1720,0,0,837,837
1,350,585,258,3610,3289,1083,781,813,5189,9748,0,0,1780,2336,0
2,322,2001,591,36,1506,1712,4634,423,276,632,0,0,1708,2296,2000
2,60,959,309,1991,3289,26,5877,2546,10068,9748,0,0,0,0,0
3,1028,2932,2109,1556,678,4333,2181,1759,434,1653,578,289,0,557,0
2,578,2932,2109,1556,1028,105,2181,1759,434,4333,692,0,876,1332,1976
3,1184,526,3153,1730,96,228,3918,6816,15564,1841,308,0,405,405,469
5,526,417,3400,2701,4409,3918,0,17619,4208,19541,0,0,0,748,0
2,1023,1556,1101,148,3400,194,434,460,3677,17619,136,0,184,317,0
4,3400,1395,0,4409,2701,17619,527,34996,19541,4208,600,0,0,600,1400
2,1190,2705,1463,1188,3400,1597,89841,2508,3200,17619,0,489,123,334,295
1,1792,456,702,360,842,2677,0,792,100,956,0,0,1200,0,0
3,2469,1031,7024,772,360,17977,402,12895,1424,100,743,183,609,519,0
2,106,7024,1309,772,1447,327,12895,2066,1424,2000,0,0,836,668,0
2,4054,1223,5190,163,646,2456,42422,59651,1310,194,0,1700,0,1264,0
1,1265,143,1148,442,92,315,65,1063,457,2307,0,0,0,0,0
4,384,1331,45,1325,2701,551,9861,111,30295,4208,230,0,230,337,0
1,1911,303,1850,295,1331,686,180,1213,197,9861,434,0,0,0,0
1,1911,303,1850,295,66,686,180,1213,197,1777,434,0,0,0,434
5,295,388,702,148,1792,197,252,792,3677,2677,0,0,0,836,1200
5,1028,578,2932,148,2121,4333,105,2181,3677,41669,220,0,191,381,381
5,6438,578,2932,148,1556,77335,105,2181,3677,434,381,0,191,381,391
5,2932,526,3153,1730,1184,2181,3918,6816,15564,228,692,972,1512,1512,0
3,526,1184,3153,1730,1190,3918,228,6816,15564,1597,308,0,521,521,741
1,1028,81,1491,1548,526,4333,491,690,12008,3918,414,197,197,414,308
3,1491,81,66,1028,1548,690,491,1777,4333,12008,644,644,3100,1372,1372
2,889,4358,1199,267,1491,480,16200,13735,3670,690,0,476,0,829,197
5,2939,889,1199,267,4358,2361,480,13735,3670,16200,829,0,0,829,476
1,889,1199,4358,267,2939,480,13735,16200,3670,2361,0,0,476,829,829
4,267,1199,4358,889,2939,3670,13735,16200,480,2361,829,0,476,0,829
3,1028,2109,2932,1556,1548,4333,1759,2181,434,12008,1976,0,876,1896,1976
3,1394,468,3375,96,2109,1528,728,17328,1841,1759,355,0,316,469,0
5,1856,686,724,280,863,3751,368,2219,5127,7471,611,0,0,611,0
3,2469,598,2705,20452,552,17977,429,89841,83361,3932,292,118,317,317,294
2,598,2469,401,2705,20452,429,17977,4547,89841,83361,396,972,1056,1056,1056
3,2473,3479,4160,1817,2705,1131,27106,19515,1498,89841,1004,644,644,1552,1056
5,1309,2705,20452,2469,401,2066,89841,83361,17977,4547,1124,0,0,556,0
1,4054,309,5190,379,92,2456,33,59651,225,2307,588,0,588,1176,0
1,4409,417,3400,2701,4054,19541,0,17619,4208,2456,0,0,0,748,170
5,350,66,3610,6617,898,1083,0,5189,95932,56296,2336,0,0,1612,1612
4,1199,91,4358,889,2014,13735,401,16200,480,2229,392,314,354,392,958
3,1199,889,4358,1934,2014,13735,480,16200,23864,2229,310,310,490,888,958
4,267,1199,4358,889,1934,3670,13735,16200,480,23864,2544,0,1424,0,2000
3,4358,1199,889,267,2939,16200,13735,480,3670,2361,1424,0,0,2544,2544
1,1617,217,1816,233,889,1259,216,3919,1470,480,0,0,609,0,0
5,163,217,1816,233,1617,1310,216,3919,1470,1259,2200,0,1884,0,0
1,1617,217,1816,233,163,1259,216,3919,1470,1310,0,0,609,0,759
4,233,217,1617,78,933,1470,216,1259,112,1770,0,0,0,609,283
2,81,1028,1491,1548,1556,491,4333,690,12008,434,0,265,0,265,511
4,233,78,1816,1223,1491,1470,112,3919,42422,690,609,0,0,1106,0
5,646,78,1816,233,1617,194,112,3919,1470,1259,737,0,0,609,609
2,889,4358,1199,267,1816,480,16200,13735,3670,3919,0,476,0,829,0
1,4358,889,1199,267,2939,16200,480,13735,3670,2361,476,0,0,829,829
3,889,91,4358,1199,267,480,401,16200,13735,3670,1516,512,512,1516,2544
1,4358,91,889,1199,1381,16200,401,480,13735,1629,512,512,1516,1516,3060
5,1934,889,1199,267,4358,23864,480,13735,3670,16200,888,0,0,829,476
5,2939,889,1199,267,4358,2361,480,13735,3670,16200,829,0,0,829,476
3,1622,403,3708,347,889,7598,40,6001,431,480,261,261,173,724,268
3,3708,1622,403,2473,347,6001,7598,40,1131,431,1012,0,0,2496,2100
3,1622,403,3708,2473,4160,7598,40,6001,1131,19515,0,0,350,646,687
2,403,3708,1622,2473,4160,40,6001,7598,1131,19515,0,350,0,646,687
1,2725,946,63,0,3610,3107,236,1050,5333,5189,960,0,1956,1956,1600
3,63,946,2725,0,267,1050,236,3107,5333,3670,651,0,425,651,665
5,946,1730,526,1190,3153,236,15564,3918,1597,6816,0,0,1180,2140,0
3,1188,1730,3153,842,67,3200,15564,6816,956,2329,1592,1248,1248,1628,1628
5,1188,3153,1184,526,1730,3200,6816,228,3918,15564,2492,900,1188,1528,900
3,1184,3153,1730,526,1188,228,6816,15564,3918,3200,1188,900,900,1528,2492
1,1617,217,1816,233,163,1259,216,3919,1470,1310,0,0,1884,0,2200
1,1223,217,1617,233,1816,42422,216,1259,1470,3919,919,0,0,0,609
3,1816,217,1617,233,163,3919,216,1259,1470,1310,1884,0,0,0,2200
1,1617,217,1816,233,163,1259,216,3919,1470,1310,0,0,1884,0,2200
5,233,663,114,274,1841,1470,1195,359,5555,7523,0,0,690,690,690
5,817,995,75,0,1344,1505,1513,3954,281,2562,1396,0,0,1396,0
3,75,995,1344,0,817,3954,1513,2562,281,1505,0,0,0,1396,1396
4,0,1344,75,995,817,281,2562,3954,1513,1505,1396,0,0,0,1396
5,1335,1504,136,1324,671,5049,198,249,2309,1492,1800,1732,3332,1800,0
4,3400,27,1668,2701,666,17619,120,10866,4208,1355,1400,0,0,0,1600
3,1668,27,2701,3400,554,10866,120,4208,17619,2979,0,0,0,1400,2300
3,1668,27,2701,3400,554,10866,120,4208,17619,2979,900,968,900,1300,2600
2,610,4160,262,436,368,47,19515,930,885,3797,0,1046,0,0,588
1,2925,6330,1645,1000,262,4548,11383,7010,665,930,0,0,1200,1200,0
2,6330,2925,1645,1000,3400,11383,4548,7010,665,17619,0,0,1200,1200,1900
2,1184,526,0,231,2063,228,3918,955,2347,3878,527,547,0,739,739
4,1828,1324,1651,1335,231,8660,2309,22007,5049,2347,576,423,423,423,739
4,177,280,1856,2705,1324,907,5127,3751,89841,2309,390,0,0,2054,423
1,2705,1220,1309,2322,280,89841,18568,2066,867,5127,813,0,507,261,0
2,1220,2705,1309,2322,7024,18568,89841,2066,867,12895,0,813,507,261,551
1,1325,2322,1220,36,1309,30295,867,18568,276,2066,785,170,333,572,507
5,1506,322,591,36,2001,632,1712,423,276,4634,2000,0,1708,2296,0
2,215,2304,699,666,322,30,8249,2341,1355,1712,0,687,676,1035,0
1,2952,456,176,625,1424,4534,0,4754,577,1132,0,0,0,1144,2068
5,176,1481,280,1856,177,4754,1372,5127,3751,907,0,0,390,390,0
5,231,1481,280,1856,177,2347,1372,5127,3751,907,649,0,390,390,0
1,803,1345,58,231,177,1587,6319,189,2347,907,0,0,1668,2876,0
1,2925,6330,1645,1000,3400,4548,11383,7010,665,17619,0,0,1200,1200,1900
3,1645,6330,2925,1000,3400,7010,11383,4548,665,17619,1200,0,0,1200,1900
1,3403,1031,135,900,6330,12516,7272,409,5818,11383,1108,1108,2128,3000,0
1,3153,280,1856,177,1031,6816,5127,3751,907,7272,1549,0,0,390,345
4,1481,280,177,1856,686,1372,5127,907,3751,368,390,0,390,0,611
5,959,1789,309,60,1469,5877,8709,2546,26,3123,1928,0,1928,1928,0
5,959,1789,309,60,1469,5877,8709,2546,26,3123,1928,0,1928,1928,0
3,1309,2322,1220,7024,1447,2066,867,18568,12895,2000,2016,812,0,1900,1900
2,1789,1469,130,60,309,8709,3123,324,26,2546,537,537,911,1038,1038
2,1789,1469,309,60,959,8709,3123,2546,26,5877,0,0,1928,1928,1928
5,1789,4160,3479,1817,2473,8709,19515,27106,1498,1131,0,712,712,2080,0
5,1911,570,294,66,2287,686,3478,1043,1777,1420,584,0,414,584,0
3,0,3479,4160,2473,570,697,27106,19515,1131,3478,700,0,0,712,0
3,3479,4160,2473,1817,1622,27106,19515,1131,1498,7598,0,0,247,369,687
5,1381,85,183,733,2773,1629,0,328,5931,4402,2400,0,0,0,0
5,733,903,2201,413,1192,5931,735,30672,4402,2578,0,0,1000,2880,1000
2,1730,3153,526,1190,1192,15564,6816,3918,1597,2578,0,0,1180,2140,1000
2,1730,3153,526,1190,1463,15564,6816,3918,1597,2508,0,0,1180,2140,2164
5,1190,3153,1730,526,1184,1597,6816,15564,3918,228,699,246,246,347,463
4,526,3153,1730,1184,1190,3918,6816,15564,228,1597,347,246,246,463,412
1,3153,1730,526,1190,1463,6816,15564,3918,1597,2508,724,724,1000,1368,1392
2,1730,3153,526,1190,1463,15564,6816,3918,1597,2508,724,724,1000,1368,1392
2,526,1184,3153,1730,1190,3918,228,6816,15564,1597,972,0,1512,1512,2608
1,1239,1504,671,527,526,12395,198,1492,106,3918,1828,0,1600,1828,972
4,527,1504,671,1239,2477,106,198,1492,12395,10492,1828,0,1600,1828,1828
4,1190,1730,526,3153,671,1597,15564,3918,6816,1492,1368,724,1000,724,1600
3,526,1730,3153,1190,1463,3918,15564,6816,1597,2508,1000,724,724,1368,1392
1,2304,324,0,666,526,8249,6322,40,1355,3918,0,0,660,660,0
4,442,143,1148,3610,2304,457,65,1063,5189,8249,0,0,0,1840,0
5,1265,143,1148,442,898,315,65,1063,457,56296,0,0,0,0,1160
5,442,309,4054,5190,1223,457,33,2456,59651,42422,0,0,588,588,1800
3,4054,309,770,5190,379,2456,33,289,59651,225,588,0,0,588,1176
1,2121,2109,1792,360,4054,41669,1759,2677,100,2456,2260,1192,2784,2784,588
1,578,2109,1792,360,2932,105,1759,2677,100,2181,1680,1192,2784,2784,1852
4,646,75,2274,927,2109,194,315,8347,2632,1759,2380,0,2380,0,1192
4,54,5190,163,4054,927,1601,59651,1310,2456,2632,398,250,398,250,0
2,1331,1325,45,384,10325,9861,30295,111,551,37322,0,337,230,230,337
2,1314,898,6617,1614,1331,6220,56296,95932,1645,9861,0,249,249,403,0
1,44,1314,898,6617,1614,2242,6220,56296,95932,1645,1328,0,600,600,1140
3,1765,66,3610,898,1314,655,0,5189,56296,6220,1296,0,0,1612,0
3,361,44,1645,1399,3610,217,2242,590,1189,5189,976,0,0,1216,0
1,2121,388,702,148,867,41669,252,792,3677,197,836,0,0,836,0
1,1792,388,702,148,6438,2677,252,792,3677,77335,1200,0,0,836,836
5,1828,1331,45,384,1325,8660,9861,111,551,30295,0,0,230,230,337
4,1774,867,574,3418,379,1950,197,593,6650,225,334,0,247,565,565
4,0,854,63,2725,867,5333,263,1050,3107,197,488,0,488,549,0
4,20452,401,2705,2469,842,83361,4547,89841,17977,956,556,556,556,0,820
3,2705,401,2469,20452,842,89841,4547,17977,83361,956,556,556,0,556,820
1,1314,63,0,898,6617,6220,1050,5333,56296,95932,1544,0,0,892,892
2,105,3418,77,379,449,70,6650,195,225,349,0,0,0,0,900
1,4054,806,1153,2792,379,2456,112,1903,1896,225,1664,0,0,0,0
3,1774,574,5190,867,1153,1950,593,59651,197,1903,449,0,895,247,0
2,91,4358,889,1199,927,401,16200,480,13735,2632,0,0,476,476,0
2,217,1617,1816,233,163,216,1259,3919,1470,1310,0,0,609,0,759
2,217,1617,1816,233,163,216,1259,3919,1470,1310,0,0,1884,0,2200
4,6617,1314,898,1614,233,95932,6220,56296,1645,1470,600,0,600,1140,0
2,27,2701,1668,3400,1314,120,4208,10866,17619,6220,0,0,0,1400,0
2,85,2773,183,733,2701,0,4402,328,5931,4208,0,0,0,0,0
4,1188,1190,1463,2705,733,3200,1597,2508,89841,5931,334,0,123,489,0
5,44,113,1314,1645,1614,2242,0,6220,590,1645,1124,0,1140,1124,0
3,601,1828,2922,1324,1335,1054,8660,8606,2309,5049,757,0,0,883,883
3,0,3479,4160,2473,1817,697,27106,19515,1131,1498,222,0,0,247,369
1,2121,148,6438,388,1469,41669,3677,77335,252,3123,0,0,0,836,1744
2,148,2121,6438,388,1556,3677,41669,77335,252,434,0,0,0,836,1064
5,1556,148,6438,388,2121,434,3677,77335,252,41669,1064,0,0,836,0
2,148,2121,6438,388,1556,3677,41669,77335,252,434,0,0,0,836,1064
2,434,4160,368,1256,1600,87,19515,3797,3675,3585,0,1900,0,0,0
2,678,1563,254,360,1792,1653,1184,3056,100,2677,0,0,0,1600,1600
4,3400,27,1668,2701,4409,17619,120,10866,4208,19541,734,349,349,349,734
4,1600,434,368,1256,262,3585,87,3797,3675,930,0,0,0,0,700
3,368,434,1256,1600,262,3797,87,3675,3585,930,0,0,0,0,588
2,456,435,176,2952,625,0,100,4754,4534,577,520,520,520,520,1644
1,435,456,176,2952,625,100,0,4754,4534,577,520,520,520,520,1644
1,2952,456,176,625,449,4534,0,4754,577,349,0,0,0,256,490
1,2952,456,176,625,1424,4534,0,4754,577,1132,0,0,0,256,527
1,435,456,176,2952,625,100,0,4754,4534,577,156,156,156,156,256
2,456,435,176,2952,625,0,100,4754,4534,577,156,156,156,156,367
1,2952,456,176,625,449,4534,0,4754,577,349,156,156,156,367,490
1,2952,456,176,625,449,4534,0,4754,577,349,156,156,156,367,490
1,2952,456,176,625,449,4534,0,4754,577,349,520,520,520,1644,1908
3,176,456,2952,625,449,4754,0,4534,577,349,520,520,520,1644,1908
2,456,435,176,2952,625,0,100,4754,4534,577,520,520,520,520,1644
1,435,456,176,2952,625,100,0,4754,4534,577,520,520,520,520,1644
2,456,2952,176,625,449,0,4534,4754,577,349,0,0,0,1144,1908
2,456,435,176,2952,625,0,100,4754,4534,577,520,520,520,520,1144
2,456,435,176,2952,625,0,100,4754,4534,577,520,520,520,520,1644
5,449,456,176,625,2952,349,0,4754,577,4534,490,156,156,367,156
2,456,2952,176,625,449,0,4534,4754,577,349,156,156,156,367,490
4,2952,435,176,456,625,4534,100,4754,0,577,156,156,156,156,367
1,456,435,176,2952,625,0,100,4754,4534,577,156,156,156,156,367
3,1148,143,1265,442,176,1063,65,315,457,4754,0,0,0,0,156
5,267,91,889,1199,4358,3670,401,480,13735,16200,2700,0,748,748,968
5,267,91,889,1199,4358,3670,401,480,13735,16200,808,169,560,560,169
5,1381,91,889,1199,4358,1629,401,480,13735,16200,743,169,560,560,169
3,1199,889,4358,267,1381,13735,480,16200,3670,1629,0,0,476,829,743
4,267,889,1199,4358,2939,3670,480,13735,16200,2361,829,0,0,476,829
4,1199,4358,889,91,1381,13735,16200,480,401,1629,560,169,560,169,743
2,4358,91,889,1199,1381,16200,401,480,13735,1629,169,169,560,560,743
5,2014,91,889,1199,4358,2229,401,480,13735,16200,3480,1056,1176,1176,1180
5,2014,91,889,1199,4358,2229,401,480,13735,16200,958,314,392,392,354
2,91,4358,889,1199,2014,401,16200,480,13735,2229,314,354,392,392,958
4,1622,629,1044,834,1817,7598,779,4743,1250,1498,708,0,0,0,882
1,834,629,1044,1622,1817,1250,779,4743,7598,1498,0,0,0,708,882
5,1622,629,1044,575,834,7598,779,4743,104,1250,2392,1120,1120,2000,1120
3,834,629,898,1044,575,1250,779,56296,4743,104,393,393,1366,393,762
3,1044,629,834,1622,575,4743,779,1250,7598,104,0,0,0,2392,2000
3,1044,629,834,1622,1817,4743,779,1250,7598,1498,0,0,0,2392,2996
5,1816,646,2274,1760,1025,3919,194,8347,14651,104,1944,900,900,900,900
1,2274,646,1760,1813,1816,8347,194,14651,2566,3919,0,0,0,600,504
2,646,2274,1760,1813,927,194,8347,14651,2566,2632,0,0,0,600,736
2,646,1025,2274,1760,1813,194,104,8347,14651,2566,0,0,0,0,1500
5,1813,646,2274,1760,1025,2566,194,8347,14651,104,1500,0,0,0,0
5,927,646,1760,1813,2274,2632,194,14651,2566,8347,736,0,0,600,0
5,927,646,1760,1813,2274,2632,194,14651,2566,8347,736,0,0,600,0
2,646,2274,1760,1813,927,194,8347,14651,2566,2632,0,0,0,1500,2380
3,1760,646,2274,1813,927,14651,194,8347,2566,2632,0,0,0,1500,2380
3,2274,646,1025,1760,1813,8347,194,104,14651,2566,0,0,0,0,1500
5,1813,646,2274,1760,1025,2566,194,8347,14651,104,1500,0,0,0,0
5,1813,646,2274,1760,2121,2566,194,8347,14651,41669,600,0,0,0,1438
3,2274,646,2121,1760,1813,8347,194,41669,14651,2566,0,0,1438,0,600
1,2274,646,1760,1813,927,8347,194,14651,2566,2632,0,0,0,1500,2380
2,646,2274,1760,1813,927,194,8347,14651,2566,2632,0,0,0,1500,2380
4,84,90,709,148,3961,809,22,269,2754,6340,0,0,0,0,0
3,2705,401,2469,20452,842,89841,4547,17977,83361,956,556,556,0,556,820
4,20452,401,2705,2469,842,83361,4547,89841,17977,956,556,556,556,0,820
3,1760,646,2274,1813,2705,14651,194,8347,2566,89841,0,0,0,600,167
5,927,646,1760,1813,2274,2632,194,14651,2566,8347,736,0,0,600,0
2,646,1223,2274,1760,1813,194,42422,8347,14651,2566,0,1038,0,0,600
5,1813,646,2274,1760,1223,2566,194,8347,14651,42422,600,0,0,0,1038
1,435,456,176,2952,646,100,0,4754,4534,194,520,520,520,520,0
3,176,456,435,2952,625,4754,0,100,4534,577,520,520,520,520,1644
4,625,456,176,2952,449,577,0,4754,4534,349,1644,520,520,520,1908
4,625,456,176,2952,449,577,0,4754,4534,349,1644,520,520,520,1908
4,625,456,176,2952,449,577,0,4754,4534,349,256,0,0,0,490
4,2952,456,176,1905,625,4534,0,4754,641,577,0,0,0,572,256
4,1813,646,1760,2274,176,2566,194,14651,8347,4754,689,397,397,397,0
2,646,2274,1760,1813,927,194,8347,14651,2566,2632,397,397,397,689,822
3,1792,578,2109,360,1556,2677,105,1759,100,434,695,591,547,695,557
3,1792,2109,2932,360,1028,2677,1759,2181,100,4333,695,547,702,695,725
5,635,1394,1689,96,3375,5147,1528,6187,1841,17328,2100,836,1300,2100,0
5,63,946,854,3610,2725,1050,236,263,5189,3107,1956,960,1204,1676,0
5,3610,854,63,0,2725,5189,263,1050,5333,3107,1600,0,1404,1404,1204
3,1028,2109,2932,1556,63,4333,1759,2181,434,1050,1976,0,876,1896,1404
1,2109,2932,1028,1556,1548,1759,2181,4333,434,12008,0,876,1976,1896,1976
4,1556,2109,1028,2932,1548,434,1759,4333,2181,12008,557,0,578,289,578
5,1556,2109,1792,360,2932,434,1759,2677,100,2181,557,547,695,695,702
3,1792,578,2109,360,1028,2677,105,1759,100,4333,695,591,547,695,725
4,360,578,1792,2109,2932,100,105,2677,1759,2181,2784,1680,2784,1192,1852
3,1792,2109,2932,360,1028,2677,1759,2181,100,4333,695,547,702,695,725
5,2109,854,63,0,2725,1759,263,1050,5333,3107,547,0,488,488,549
3,63,854,898,0,3610,1050,263,56296,5333,5189,488,0,717,488,631
5,63,1504,671,527,1617,1050,198,1492,106,1259,488,0,507,731,2021
4,527,1504,671,1239,2477,106,198,1492,12395,10492,731,0,507,731,731
5,671,610,262,436,4358,1492,47,930,885,16200,507,421,421,421,2183
3,368,434,1256,1600,262,3797,87,3675,3585,930,0,0,0,0,700
4,1600,434,368,1256,262,3585,87,3797,3675,930,0,0,0,0,588
2,585,350,258,3610,368,781,1083,813,5189,3797,0,0,1780,2336,0
3,1850,799,66,295,148,1213,148,1777,197,3677,504,489,638,504,547
4,295,799,1850,66,148,197,148,1213,1777,3677,504,489,504,638,547
5,1850,1911,1650,295,66,1213,686,9100,197,1777,504,0,0,434,0
2,66,2121,1650,1911,295,1777,41669,9100,686,197,0,552,0,0,434
1,4406,1192,2201,3289,3401,10446,2578,30672,9748,21946,0,1400,1400,2500,2500
2,2199,2677,2449,1506,36,9420,9375,6044,632,276,724,724,2076,1312,1736
2,1023,1556,1101,148,2199,194,434,460,3677,9420,464,0,608,1064,724
2,1556,2121,1101,148,6438,434,41669,460,3677,77335,0,1064,608,1064,1064
2,148,2121,6438,388,1556,3677,41669,77335,252,434,0,0,0,836,0
3,6438,148,2121,388,1556,77335,3677,41669,252,434,0,0,0,836,1064
2,2209,1325,45,384,10325,2410,30295,111,551,37322,0,388,318,318,0
4,1840,975,100,4409,2209,2872,1058,2641,19541,2410,0,0,0,1630,0
4,384,1331,45,1325,10325,551,9861,111,30295,37322,768,0,768,1120,1120
2,1023,1556,1101,148,1331,194,434,460,3677,9861,464,0,608,1064,0
4,2792,806,1153,1247,163,1896,112,1903,4727,1310,0,0,0,600,600
2,895,3830,619,620,0,0,7566,1542,1827,4573,0,0,480,480,480
1,3830,895,619,620,0,7566,0,1542,1827,4573,0,0,480,480,480
2,619,1223,620,0,1424,1542,42422,1827,4573,1132,0,0,0,0,1048
3,1028,2932,2109,1556,1000,4333,2181,1759,434,665,1976,876,0,1896,0
2,3210,1491,2040,234,995,3884,8362,2124,261,1513,768,768,1600,4260,1900
2,108,801,1813,1816,3210,590,2775,2566,3919,3884,612,0,612,875,240
5,646,801,1813,1816,2274,194,2775,2566,3919,8347,934,0,612,875,934
4,2473,3479,0,4160,801,1131,27106,697,19515,2775,712,0,700,0,0
3,2274,108,1813,646,3479,8347,590,2566,194,27106,600,0,0,600,0
3,1813,108,2274,646,1760,2566,590,8347,194,14651,0,0,600,600,600
1,1813,108,2274,646,1760,2566,590,8347,194,14651,0,0,1400,1400,1400
3,1325,45,2209,384,1813,30295,111,2410,551,2566,1200,1160,800,1000,0
2,82,625,1424,176,2952,0,577,1132,4754,4534,744,0,700,1144,1144
3,2925,1645,1000,6330,1424,4548,7010,665,11383,1132,594,0,0,594,219
5,3210,1730,1188,842,3153,3884,15564,3200,956,6816,0,420,589,600,420
5,1325,106,7024,2469,20452,30295,327,12895,17977,83361,0,672,672,1004,1208
2,456,2952,176,625,7024,0,4534,4754,577,12895,0,0,0,1144,672
4,625,456,176,2952,1424,577,0,4754,4534,1132,1144,0,0,0,2068
3,702,456,1792,360,176,792,0,2677,100,4754,362,0,0,0,0
2,1220,2322,1309,7024,1447,18568,867,2066,12895,2000,0,261,507,551,650
4,148,388,702,1792,1220,3677,252,792,2677,18568,836,0,0,1200,0
5,388,85,183,733,4358,252,0,328,5931,16200,0,0,0,0,1202
1,2773,85,183,733,1381,4402,0,328,5931,1629,0,0,0,0,684
4,1188,842,67,2705,20452,3200,956,2329,89841,83361,143,0,0,234,234
4,842,1190,1188,1463,552,956,1597,3200,2508,3932,345,0,334,123,294
3,1463,1190,3153,1188,842,2508,1597,6816,3200,956,123,0,699,334,345
1,1025,646,2274,1760,1491,104,194,8347,14651,690,0,0,0,0,944
5,1813,646,2274,1760,1025,2566,194,8347,14651,104,1500,0,0,0,0
4,1760,646,2274,1025,1813,14651,194,8347,104,2566,0,0,0,0,600
4,1760,646,2274,1025,1813,14651,194,8347,104,2566,0,0,0,0,600
5,927,646,1760,1813,2274,2632,194,14651,2566,8347,736,397,397,689,397
4,1813,646,1760,2274,927,2566,194,14651,8347,2632,689,397,397,397,822
4,1813,646,1760,2274,927,2566,194,14651,8347,2632,689,397,397,397,822
5,927,646,1760,1813,2274,2632,194,14651,2566,8347,822,397,397,689,397
5,646,217,1816,233,1617,194,216,3919,1470,1259,397,0,609,0,0
4,36,1506,2199,2677,233,276,632,9420,9375,1470,1056,748,1256,1256,0
1,1028,1548,1491,2932,1506,4333,12008,690,2181,632,0,0,888,1412,748
1,1028,1548,1491,2932,1556,4333,12008,690,2181,434,0,0,888,1412,1816
1,1617,217,1816,233,163,1259,216,3919,1470,1310,0,0,609,0,759
5,163,217,1816,233,1617,1310,216,3919,1470,1259,759,0,609,0,0
5,163,217,1816,233,1617,1310,216,3919,1470,1259,759,0,609,0,0
1,1617,217,1816,233,163,1259,216,3919,1470,1310,0,0,609,0,759
3,1816,217,1617,233,163,3919,216,1259,1470,1310,609,0,0,0,759
5,233,3153,1730,526,1463,1470,6816,15564,3918,2508,0,246,246,347,419
2,3153,1463,1730,526,1190,6816,2508,15564,3918,1597,246,419,246,347,412
5,1190,3153,1184,526,1730,1597,6816,228,3918,15564,1368,900,1188,1528,900
3,1184,3153,1730,526,1188,228,6816,15564,3918,3200,1188,900,900,1528,2492
5,1190,1184,3153,1730,526,1597,228,6816,15564,3918,2608,0,1512,1512,972
5,36,2199,2449,1506,2677,276,9420,6044,632,9375,1064,0,1700,884,0
3,2199,2677,1506,36,2449,9420,9375,632,276,6044,0,0,884,1308,1700
5,322,1506,2199,36,2677,1712,632,9420,276,9375,732,0,311,488,311
1,1506,2677,2199,36,322,632,9375,9420,276,1712,0,884,884,1436,2356
1,1331,74,193,0,686,3291,130,375,1064,368,1589,0,0,0,845
4,2063,167,442,231,0,3878,356,125,2347,1064,436,0,436,436,0
2,1324,1335,1651,1828,84,2309,5049,22007,8660,809,423,423,423,576,1177
2,686,863,724,280,1324,368,7471,2219,5127,2309,0,0,0,2452,1180
5,231,803,1345,58,869,2347,1587,6319,189,214,2876,0,0,1668,3664
5,803,2201,903,1324,1192,1587,30672,735,2309,2578,0,0,267,630,0
2,1192,1220,2201,1324,1335,2578,18568,30672,2309,5049,0,949,0,630,630
3,1563,678,2701,254,360,1184,1653,4208,3056,100,0,0,1047,0,556
4,360,678,254,1563,1792,100,1653,3056,1184,2677,1600,0,0,0,1600
5,483,260,275,889,2578,884,128,4672,480,3929,0,0,0,3400,0
1,1028,81,1491,1548,2932,4333,491,690,12008,2181,406,295,295,406,581
2,81,1028,1491,1548,2932,491,4333,690,12008,2181,295,406,295,406,581
4,86,527,2477,1239,1491,103,106,10492,12395,690,2500,0,0,0,944
2,527,1239,2477,86,671,106,12395,10492,103,1492,0,0,0,2500,3000
2,3479,4160,0,2473,527,27106,19515,697,1131,106,0,0,700,712,0
5,1817,4160,3479,2473,135,1498,19515,27106,1131,169,369,0,0,247,222
5,4160,1504,671,527,1239,19515,198,1492,106,12395,0,0,507,731,731
1,4160,258,709,84,148,19515,813,269,809,2754,1381,537,813,813,813
4,2063,442,231,3153,233,3878,125,2347,6816,1470,0,0,0,1054,609
4,0,413,817,1491,231,281,4402,1505,8362,2347,1688,0,1688,2600,0
5,1335,1828,601,1324,2922,5049,8660,1054,2309,8606,1900,0,2824,1900,0
5,1645,6330,1395,1000,2925,7010,11383,527,665,4548,1200,800,2172,1200,800
2,78,1816,1617,233,6330,112,3919,1259,1470,11383,0,0,1800,1800,800
1,1192,2201,903,1324,1335,2578,30672,735,2309,5049,0,0,267,630,630
1,1192,2201,903,1324,1335,2578,30672,735,2309,5049,0,0,1024,2868,2868
5,1192,1828,2922,1324,1335,2578,8660,8606,2309,5049,0,0,0,883,883
3,1491,81,1028,1548,629,690,491,4333,12008,779,197,197,414,414,0
4,36,2677,2199,1506,1491,276,9375,9420,632,690,488,311,311,0,197
2,68,1841,114,274,1506,45,7523,359,5555,632,0,0,0,0,0
5,60,2932,1028,1556,2109,26,2181,4333,434,1759,0,876,1976,1896,0
4,1622,629,1044,834,1817,7598,779,4743,1250,1498,708,0,0,0,882
5,1817,629,1044,1622,834,1498,779,4743,7598,1250,882,0,0,708,0
3,0,63,898,6617,1447,5333,1050,56296,95932,2000,0,0,892,892,748
1,699,110,0,681,63,2341,0,30,6536,1050,0,622,676,811,0
4,772,106,7024,1309,1192,1424,327,12895,2066,2578,1008,836,836,0,1000
5,10325,45,1331,1325,384,37322,111,9861,30295,551,920,0,768,920,0
4,1331,45,384,1325,10325,9861,111,551,30295,37322,230,0,0,276,276
2,10325,1325,45,384,1331,37322,30295,111,551,9861,0,0,920,920,1120
2,105,3418,77,379,449,70,6650,195,225,349,0,0,0,0,900
4,620,449,619,3418,379,1827,349,1542,6650,225,1024,0,1024,900,0
3,619,895,3830,620,442,1542,0,7566,1827,457,480,0,0,480,1756
2,895,3830,619,620,0,0,7566,1542,1827,4573,0,0,480,480,480
2,105,5190,77,379,3830,70,59651,195,225,7566,0,1100,0,0,0
1,3418,449,619,620,379,6650,349,1542,1827,225,900,0,1024,1024,0
5,449,806,1153,2792,1223,349,112,1903,1896,42422,0,0,0,0,400
1,1153,806,2792,163,54,1903,112,1896,1310,1601,0,0,0,600,600
5,450,578,2932,148,2121,401,105,2181,3677,41669,0,0,191,381,381
3,77,105,3418,379,449,195,70,6650,225,349,0,0,0,0,336
4,1774,867,574,5190,379,1950,197,593,59651,225,334,0,247,740,0
4,1774,867,574,3418,379,1950,197,593,6650,225,334,0,247,565,565
5,552,1556,148,6438,2121,3932,434,3677,77335,41669,900,768,400,400,400
5,2932,1556,148,6438,2121,2181,434,3677,77335,41669,1192,768,400,400,400
5,1556,625,1424,176,1223,434,577,1132,4754,42422,768,0,700,1144,1300
4,6438,148,2121,1556,625,77335,3677,41669,434,577,238,238,238,222,0
3,2121,148,1556,6438,2932,41669,3677,434,77335,2181,238,238,222,238,342
3,148,1556,2932,2121,6438,3677,434,2181,41669,77335,238,222,342,238,238
4,2121,1556,148,2932,6438,41669,434,3677,2181,77335,238,222,238,342,238
2,148,2121,6438,388,1556,3677,41669,77335,252,434,0,0,0,836,768
1,2121,148,6438,388,1556,41669,3677,77335,252,434,0,0,0,836,1064
4,388,148,2121,6438,1556,252,3677,41669,77335,434,289,0,0,0,317
1,6438,148,2121,388,1556,77335,3677,41669,252,434,0,0,0,289,317
1,1265,143,1148,442,6617,315,65,1063,457,95932,0,0,0,0,1160
5,1424,456,176,625,2952,1132,0,4754,577,4534,2068,0,0,1144,0
4,267,889,4358,1199,1309,3670,480,16200,13735,2066,2544,0,1424,0,1124
4,267,889,4358,1199,2939,3670,480,16200,13735,2361,2544,0,1424,0,2544
3,1614,113,3610,1314,1645,1645,0,5189,6220,590,0,0,947,403,465
2,303,1850,66,295,1614,180,1213,1777,197,1645,0,0,996,0,0
2,1645,1000,2925,6330,483,7010,665,4548,11383,884,0,0,594,594,935
5,1645,260,275,889,2578,7010,128,4672,480,3929,0,0,0,1046,0
5,1199,260,275,889,2578,13735,128,4672,480,3929,1046,0,0,1046,0
5,260,974,16,1172,898,128,572,4009,726,56296,0,0,0,660,2470
4,508,16,1172,974,1938,4824,4009,726,572,5322,831,0,660,0,831
2,2932,513,2109,1556,1172,2181,104,1759,434,726,0,744,876,1332,1500
3,1184,526,3153,1730,1190,228,3918,6816,15564,1597,972,0,1180,1180,2276
2,456,898,176,2952,1730,0,56296,4754,4534,15564,156,1716,156,156,420
2,456,898,176,2952,625,0,56296,4754,4534,577,156,1716,156,156,367
3,176,456,1148,2952,625,4754,0,1063,4534,577,156,156,1720,156,367
5,625,456,176,2952,1148,577,0,4754,4534,1063,367,156,156,156,1720
3,176,456,1223,2952,625,4754,0,42422,4534,577,0,0,588,0,367
5,625,435,176,2952,456,577,100,4754,4534,0,256,0,0,0,0
2,456,1424,176,2952,625,0,1132,4754,4534,577,156,572,156,156,367
2,456,1424,176,2952,625,0,1132,4754,4534,577,156,572,156,156,367
5,625,456,176,2952,1424,577,0,4754,4534,1132,1144,0,0,0,2068
1,2925,6330,1645,1000,176,4548,11383,7010,665,4754,0,0,594,594,0
3,1645,6330,2925,1000,3400,7010,11383,4548,665,17619,594,0,0,594,819
3,1395,6330,2925,1000,1645,527,11383,4548,665,7010,752,280,280,758,594
2,6330,2925,1645,1000,799,11383,4548,7010,665,937,0,0,1200,1200,2100
2,6330,2925,1645,1000,3400,11383,4548,7010,665,17619,0,0,1200,1200,1900
5,3400,6330,1645,1000,2925,17619,11383,7010,665,4548,1900,0,1200,1200,0
5,3400,6330,1645,1000,2925,17619,11383,7010,665,4548,1900,0,1200,1200,0
4,1000,6330,1645,2925,3400,665,11383,7010,4548,17619,1200,0,1200,0,1900
4,1000,6330,1645,2925,3400,665,11383,7010,4548,17619,1200,0,1200,0,1900
1,1239,1504,671,527,6330,12395,198,1492,106,11383,1828,0,1600,1828,0
3,1622,403,3708,347,671,7598,40,6001,431,1492,1012,1012,0,2300,1600
1,3708,403,1622,347,629,6001,40,7598,431,779,0,350,350,813,890
2,3708,2473,1622,347,629,6001,1131,7598,431,779,173,857,261,724,890
4,347,3708,1622,4160,3479,431,6001,7598,19515,27106,724,173,261,898,898
5,347,403,1622,2473,3708,431,40,7598,1131,6001,724,0,0,646,350
3,1394,3375,1689,96,635,1528,17328,6187,1841,5147,836,0,1300,2100,2100
3,1645,6330,2925,1000,3400,7010,11383,4548,665,17619,594,0,0,594,819
4,1000,6330,1645,2925,3400,665,11383,7010,4548,17619,594,0,594,0,819
1,2925,799,0,661,4054,4548,937,45,1250,2456,919,0,0,0,696
2,799,661,0,4054,5190,937,1250,45,2456,59651,0,0,0,2000,2000
5,5190,799,0,4054,661,59651,937,45,2456,1250,2000,0,0,2000,0
3,0,799,661,4054,5190,45,937,1250,2456,59651,0,0,0,696,696
3,0,799,661,4054,5190,45,937,1250,2456,59651,0,0,0,2000,2000
4,3400,1395,0,4409,2925,17619,527,34996,19541,4548,295,0,0,295,615
2,468,3375,1394,96,1689,728,17328,1528,1841,6187,257,424,278,628,0
4,3400,1395,0,672,3375,17619,527,34996,359,17328,366,251,251,0,424
5,2477,1504,671,527,1239,10492,198,1492,106,12395,1828,0,1600,1828,1828
4,233,217,1816,1617,671,1470,216,3919,1259,1492,0,0,609,0,507
3,1816,217,1617,233,163,3919,216,1259,1470,1310,609,0,0,0,759
2,78,1816,1617,233,646,112,3919,1259,1470,194,0,0,1800,1800,2516
3,0,1184,4054,526,233,955,228,2456,3918,1470,0,527,3098,547,609
2,5190,4054,163,54,526,59651,2456,1310,1601,3918,0,0,1264,1264,2132
4,54,5190,163,4054,1247,1601,59651,1310,2456,4727,388,0,388,0,388
3,1028,2932,2109,1556,1548,4333,2181,1759,434,12008,1976,876,0,1896,1976
5,63,946,854,3610,2725,1050,236,263,5189,3107,2088,960,1204,1676,0
4,946,2725,854,898,3610,236,3107,263,56296,5189,425,0,549,976,668
3,63,854,2725,0,3610,1050,263,3107,5333,5189,488,0,549,488,631
1,2109,2932,1028,1556,1548,1759,2181,4333,434,12008,0,289,578,557,578
3,2109,578,2932,1556,1028,1759,105,2181,434,4333,289,191,0,362,578
4,1556,2932,1028,2109,1548,434,2181,4333,1759,12008,1896,876,1976,0,1412
1,2932,2109,1028,1556,1548,2181,1759,4333,434,12008,289,0,578,557,578
4,1556,2109,1028,2932,1548,434,1759,4333,2181,12008,557,0,578,289,578
2,2109,2932,1028,1556,1548,1759,2181,4333,434,12008,0,289,578,557,578
4,1556,2932,1028,2109,1548,434,2181,4333,1759,12008,557,289,578,0,578
2,824,1331,35,554,2932,3043,3291,185,2979,2181,0,0,1680,2108,876
3,0,74,1856,686,724,1064,130,3751,368,2219,0,0,1276,845,845
2,135,4160,233,629,0,52,19515,313,779,1064,0,866,0,585,0
1,1617,217,1816,233,629,1259,216,3919,1470,779,0,0,1884,0,2584
3,1617,217,1223,233,1816,1259,216,42422,1470,3919,0,0,919,0,609
3,2063,442,231,177,1481,3878,125,2347,907,1372,0,0,0,618,618
5,1481,442,2063,177,231,1372,125,3878,907,2347,2100,0,0,2100,0
5,1481,442,2063,177,231,1372,125,3878,907,2347,2100,0,0,2100,0
5,231,332,0,58,3375,2347,450,142,189,17328,0,0,490,560,814
5,231,332,0,58,803,2347,450,142,189,1587,600,0,490,560,944
1,1223,824,1331,554,58,42422,3043,3291,2979,189,1054,0,0,626,560
5,602,1331,35,554,824,1142,3291,185,2979,3043,1600,0,1680,2108,0
2,85,2773,183,733,1331,0,4402,328,5931,3291,0,0,0,0,0
3,1395,6330,2925,1000,1645,527,11383,4548,665,7010,752,280,280,758,758
4,900,1031,135,3403,6330,5818,7272,409,12516,11383,874,345,594,345,280
1,2922,1828,601,1324,382,8606,8660,1054,2309,1172,0,0,757,883,0
5,1335,1828,2922,1324,2705,5049,8660,8606,2309,89841,883,0,0,883,1213
5,1828,434,368,1600,1256,8660,87,3797,3585,3675,0,0,0,0,0
5,368,267,63,0,2939,3797,3670,1050,5333,2361,0,0,2076,2076,0
4,1760,646,2274,1025,267,14651,194,8347,104,3670,0,0,0,0,0
4,1760,646,2274,1025,1813,14651,194,8347,104,2566,0,0,0,0,1500
4,1399,909,0,1645,1314,1189,916,3434,590,6220,428,0,0,765,528
1,3289,3401,4406,2287,909,9748,21946,10446,1420,916,347,347,753,883,0
5,4406,3401,136,2287,3289,10446,21946,249,1420,9748,1900,0,2460,2952,0
1,2287,570,294,66,1911,1420,3478,1043,1777,686,0,0,1764,2100,2100
5,1220,903,2201,413,1192,18568,735,30672,4402,2578,2400,0,1000,2880,1000
4,2932,1548,1491,1028,2201,2181,12008,690,4333,30672,1412,0,888,0,1000
4,2932,1548,1491,1028,1556,2181,12008,690,4333,434,1412,0,888,0,1816
4,66,570,294,2287,1911,1777,3478,1043,1420,686,584,0,414,0,584
2,1309,7024,2469,772,570,2066,12895,17977,1424,3478,0,836,1880,1008,0
5,842,570,294,66,2287,956,3478,1043,1777,1420,0,0,414,584,0
2,106,20452,7024,772,2287,327,83361,12895,1424,1420,788,1756,788,892,0
5,7024,1504,671,527,1239,12895,198,1492,106,12395,788,0,1600,1828,1828
3,671,1504,1239,527,2477,1492,198,12395,106,10492,1600,0,1828,1828,1828
5,666,148,6438,388,2121,1355,3677,77335,252,41669,0,0,0,836,0
2,148,2121,6438,388,1556,3677,41669,77335,252,434,0,0,0,836,1064
3,2121,148,66,6438,388,41669,3677,1777,77335,252,0,0,552,0,289
1,66,148,2121,6438,388,1777,3677,41669,77335,252,552,0,0,0,289
3,361,44,1645,1399,148,217,2242,590,1189,3677,405,0,0,441,0
3,1765,66,3610,898,1645,655,0,5189,56296,590,1296,0,0,1612,0
1,4054,5190,163,54,3610,2456,59651,1310,1601,5189,0,0,1264,1264,0
4,867,1774,77,3418,379,197,1950,195,6650,225,334,0,394,394,394
3,6438,148,2121,388,1774,77335,3677,41669,252,1950,0,0,0,836,0
4,388,148,6438,2121,1556,252,3677,77335,41669,434,836,0,0,0,1064
1,4054,309,5190,379,148,2456,33,59651,225,3677,588,0,588,1176,0
4,867,574,449,1774,4054,197,593,349,1950,2456,247,0,703,449,170
1,5190,867,574,1774,379,59651,197,593,1950,225,2664,0,824,1216,2020
1,4406,1192,2201,3289,619,10446,2578,30672,9748,1542,0,741,741,880,0
5,449,105,77,379,3418,349,70,195,225,6650,336,0,0,0,0
3,1491,81,1028,1548,2932,690,491,4333,12008,2181,944,944,1304,1304,1900
1,1028,81,1491,1548,2932,4333,491,690,12008,2181,1304,944,944,1304,1900
4,1556,578,2109,2932,1491,434,105,1759,2181,690,362,191,289,0,295
5,1028,2932,2109,1556,2121,4333,2181,1759,434,41669,407,0,289,362,492
4,6617,1314,898,1399,1614,95932,6220,56296,1189,1645,249,0,249,555,403
1,898,63,0,6617,1314,56296,1050,5333,95932,6220,892,0,0,892,0
4,898,1765,0,63,6617,56296,655,5333,1050,95932,892,844,0,0,892
3,7024,772,1031,1309,552,12895,1424,402,2066,3932,1388,876,0,1728,0
2,772,1031,7024,1309,2469,1424,402,12895,2066,17977,876,0,1388,1728,2212
2,1031,7024,1309,772,2469,402,12895,2066,1424,17977,0,424,560,252,701
1,1031,772,7024,1309,2469,402,1424,12895,2066,17977,0,252,424,560,701
3,7024,1031,2705,772,1309,12895,402,89841,1424,2066,424,0,727,252,560
3,7024,772,1031,1309,2469,12895,1424,402,2066,17977,1388,876,0,1728,2212
5,1463,560,1689,3375,869,2508,2100,6187,17328,214,0,0,0,1300,0
1,1220,1309,7024,772,1689,18568,2066,12895,1424,6187,507,0,285,356,0
3,0,785,1223,1424,1309,1024,0,42422,1132,2066,0,0,700,700,0
4,842,1463,1188,1190,67,956,2508,3200,1597,2329,1044,408,1008,0,1044
5,20452,552,2469,2705,1447,83361,3932,17977,89841,2000,536,356,431,536,225
5,1506,2677,2199,681,2449,632,9375,9420,6536,6044,2000,1700,1700,2452,0
3,1850,303,1911,295,2677,1213,180,686,197,9375,0,0,434,0,559
5,842,909,0,1399,1614,956,916,3434,1189,1645,0,0,0,428,532
2,456,2952,176,625,575,0,4534,4754,577,104,0,0,0,1144,0
3,176,456,2952,625,1424,4754,0,4534,577,1132,0,0,0,256,527
3,176,456,2952,625,1424,4754,0,4534,577,1132,156,156,156,367,527
5,449,456,176,625,2952,349,0,4754,577,4534,490,156,156,367,156
4,2952,456,176,435,625,4534,0,4754,100,577,520,520,520,520,1644
5,625,456,176,2952,435,577,0,4754,4534,100,1644,520,520,520,520
2,456,2952,176,625,449,0,4534,4754,577,349,0,0,0,256,490
4,4409,417,3400,991,176,19541,0,17619,220,4754,400,632,400,0,0
4,2701,417,3400,4409,1668,4208,0,17619,19541,10866,748,0,0,0,572
1,991,417,3400,4409,2701,220,0,17619,19541,4208,0,632,400,400,1400
2,417,4409,3400,2701,1668,0,19541,17619,4208,10866,0,0,0,1400,1400
5,3400,1622,3708,2473,403,17619,7598,6001,1131,40,0,0,1012,2496,0
4,2473,403,1622,3708,4160,1131,40,7598,6001,19515,646,0,0,350,687
2,1395,672,0,3400,1622,527,359,34996,17619,7598,0,776,0,600,0
3,0,1395,4409,3400,2925,34996,527,19541,17619,4548,0,0,600,600,1752
3,3400,991,4409,2701,1668,17619,220,19541,4208,10866,224,0,224,572,572
4,347,403,1622,3708,3400,431,40,7598,6001,17619,2300,1012,1012,0,400
3,1395,672,4409,3400,1622,527,359,19541,17619,7598,251,0,366,366,350
5,2701,672,1395,3400,991,4208,359,527,17619,220,604,0,251,366,412
3,1622,403,3708,347,3400,7598,40,6001,431,17619,350,350,0,813,366
3,1622,403,3708,347,629,7598,40,6001,431,779,740,740,552,2100,2996
2,1395,4409,0,3400,2925,527,19541,34996,17619,4548,0,600,0,600,1752
2,86,527,2477,1239,2287,103,106,10492,12395,1420,1500,1756,1756,1756,2556
3,3830,895,1617,619,233,7566,0,1259,1542,1470,0,0,3092,480,0
5,620,895,3830,619,1617,1827,0,7566,1542,1259,480,0,0,480,3092
4,527,1504,671,1239,1730,106,198,1492,12395,15564,731,0,507,731,246
1,1239,1504,671,527,2477,12395,198,1492,106,10492,731,0,507,731,731
4,527,86,2477,1239,671,106,103,10492,12395,1492,1756,1500,1756,1756,1600
2,527,1239,2477,86,2287,106,12395,10492,103,1420,0,0,0,2500,2556
1,1239,527,2477,86,671,12395,106,10492,103,1492,0,0,0,2500,3000
2,6330,2925,1645,1000,527,11383,4548,7010,665,106,0,0,1200,1200,0
2,6330,2925,1645,1000,3400,11383,4548,7010,665,17619,0,0,1200,1200,1900
4,1239,86,2477,527,2925,12395,103,10492,106,4548,1756,1500,1756,1756,0
4,527,86,2477,1239,2287,106,103,10492,12395,1420,1756,1500,1756,1756,2556
1,1239,1504,671,527,2477,12395,198,1492,106,10492,731,0,507,731,731
1,1239,1504,671,527,2477,12395,198,1492,106,10492,1828,0,1600,1828,1828
2,6330,2925,1645,1000,3400,11383,4548,7010,665,17619,0,0,1200,1200,1900
5,3400,6330,1645,1000,2925,17619,11383,7010,665,4548,1900,0,1200,1200,0
3,1645,6330,2925,1000,3400,7010,11383,4548,665,17619,1200,0,0,1200,1900
4,1000,6330,1645,2925,3400,665,11383,7010,4548,17619,1200,0,1200,0,1900
1,1617,217,1816,233,2925,1259,216,3919,1470,4548,0,0,609,0,0
1,1506,36,2677,2199,2322,632,276,9375,9420,867,488,0,458,458,559
5,1817,834,1044,1622,629,1498,1250,4743,7598,779,882,0,0,708,0
4,1622,834,1044,629,1817,7598,1250,4743,779,1498,708,0,0,0,882
2,403,3708,1622,2473,834,40,6001,7598,1131,1250,0,1012,0,2496,0
2,456,435,176,2952,625,0,100,4754,4534,577,520,520,520,520,1144
1,435,456,176,2952,625,100,0,4754,4534,577,520,520,520,520,1644
3,176,456,2952,625,1424,4754,0,4534,577,1132,0,0,0,1144,2068
3,176,456,435,2952,625,4754,0,100,4534,577,520,520,520,520,1144
2,456,435,176,2952,625,0,100,4754,4534,577,520,520,520,520,1644
2,456,2952,176,625,449,0,4534,4754,577,349,520,520,520,1644,1908
2,456,2952,176,625,449,0,4534,4754,577,349,520,520,520,1644,1908
5,176,646,1760,1816,2274,4754,194,14651,3919,8347,156,331,331,504,331
2,646,1025,2274,1760,1816,194,104,8347,14651,3919,331,331,331,331,504
1,1223,646,2274,1760,1816,42422,194,8347,14651,3919,1038,0,0,0,504
3,2274,646,1223,1760,1813,8347,194,42422,14651,2566,0,0,1038,0,600
3,1760,646,2274,1813,927,14651,194,8347,2566,2632,1100,1100,1100,1800,2380
2,646,2274,1760,1813,927,194,8347,14651,2566,2632,1100,1100,1100,1800,2500
2,854,2725,63,0,3610,263,3107,1050,5333,5189,0,549,488,488,631
1,148,130,258,84,63,2754,235,813,809,1050,1177,746,901,1177,488
4,36,322,591,2001,84,276,1712,423,4634,809,704,0,510,0,1177
1,1325,322,2001,36,1506,30295,1712,4634,276,632,878,0,0,704,732
4,2287,3401,136,3289,570,1420,21946,249,9748,3478,837,0,651,0,837
3,0,1395,672,3400,1813,34996,527,359,17619,2566,0,0,776,600,0
2,1331,1325,45,384,10325,9861,30295,111,551,37322,0,337,230,230,337
1,1491,3210,165,995,1331,8362,3884,437,1513,9861,0,0,557,861,0
5,2701,417,3400,4409,991,4208,0,17619,19541,220,1400,632,400,400,0
1,1148,143,155,442,1265,1063,65,529,457,315,0,0,924,0,0
5,2014,63,0,2725,854,2229,1050,5333,3107,263,0,1404,1404,1204,0
4,295,66,1650,1911,3610,197,1777,9100,686,5189,434,0,0,0,269
2,260,2578,275,889,66,128,3929,4672,480,1777,0,0,0,1046,0
3,1028,2932,2109,1556,1548,4333,2181,1759,434,12008,1976,876,0,1896,1976
3,54,163,1247,92,2473,1601,1310,4727,2307,1131,0,0,0,328,0
4,92,163,54,1247,877,2307,1310,1601,4727,1615,328,0,0,0,328
3,54,163,1562,1247,92,1601,1310,535,4727,2307,0,0,328,0,328
2,806,5190,1153,2792,163,112,59651,1903,1896,1310,0,1664,0,0,600
4,867,574,1774,5190,449,197,593,1950,59651,349,247,0,449,895,703
1,1223,4054,5190,163,3610,42422,2456,59651,1310,5189,1700,0,0,1264,0
3,163,5190,4054,54,1247,1310,59651,2456,1601,4727,1264,0,0,1264,1264
5,574,867,77,379,1774,593,197,195,225,1950,1600,1216,1164,1164,0
2,2932,2109,1028,1556,1548,2181,1759,4333,434,12008,876,0,1976,1896,1976
5,442,36,116,179,514,457,53,68,259,1754,0,2720,1900,1800,0
4,280,686,724,863,1856,5127,368,2219,7471,3751,611,0,0,0,611
1,2952,456,176,625,1424,4534,0,4754,577,1132,0,0,0,256,527
3,803,669,898,1345,176,1587,780,56296,6319,4754,883,0,5701,883,0
1,1223,895,3830,619,669,42422,0,7566,1542,780,480,0,0,480,0
2,895,1223,3830,619,620,0,42422,7566,1542,1827,0,480,0,480,480
4,1491,1959,262,66,1556,690,858,5344,1777,434,667,0,0,1001,750
3,2121,148,2109,6438,388,41669,3677,1759,77335,252,0,0,1900,0,836
5,388,148,2121,6438,2109,252,3677,41669,77335,1759,836,0,0,0,1900
5,1028,578,1792,360,2109,4333,105,2677,100,1759,2952,1680,2784,2784,1192
2,610,262,436,368,1256,47,930,885,3797,3675,0,0,0,588,588
3,699,666,2304,681,436,2341,1355,8249,6536,885,1415,0,660,1850,0
1,1028,81,1491,1548,666,4333,491,690,12008,1355,1304,944,944,1304,0
5,1314,854,63,0,297,6220,263,1050,5333,1763,0,0,488,488,4456
5,1816,106,7024,2705,2469,3919,327,12895,89841,17977,0,672,672,1208,1004
3,4054,309,770,5190,1324,2456,33,289,59651,2309,588,0,0,588,1180
3,5190,309,4054,379,3418,59651,33,2456,225,6650,170,0,170,533,533
3,2469,1447,20452,2322,772,17977,2000,83361,867,1424,1728,1252,1920,1744,644
4,4409,672,1395,3400,2701,19541,359,527,17619,4208,366,0,251,366,604
2,1395,2925,0,3400,4409,527,4548,34996,17619,19541,0,615,0,295,366
2,403,3708,1622,2473,4160,40,6001,7598,1131,19515,0,350,0,646,687
3,2477,527,66,1239,1622,10492,106,1777,12395,7598,0,0,1311,0,0
3,2477,527,1239,86,671,10492,106,12395,103,1492,0,0,0,834,1146
3,671,1504,1239,527,2477,1492,198,12395,106,10492,507,0,731,731,0
2,6330,2925,1645,1000,671,11383,4548,7010,665,1492,0,0,594,594,507
5,3400,6330,1645,1000,2925,17619,11383,7010,665,4548,819,0,594,594,0
5,3400,6330,1645,1000,2925,17619,11383,7010,665,4548,1900,0,1200,1200,0
2,6330,2925,1645,1000,3400,11383,4548,7010,665,17619,0,0,1200,1200,1900
1,2925,6330,1645,1000,3400,4548,11383,7010,665,17619,0,0,594,594,819
4,1000,6330,1645,2925,3400,665,11383,7010,4548,17619,594,0,594,0,819
2,6330,2925,1645,1000,3400,11383,4548,7010,665,17619,0,0,594,594,819
5,3400,6330,1645,1000,2925,17619,11383,7010,665,4548,819,0,594,594,0
5,6330,233,1617,1816,217,11383,1470,1259,3919,216,0,0,0,1884,0
1,1184,3153,1730,526,1190,228,6816,15564,3918,1597,521,0,0,405,699
5,526,1730,1188,842,3153,3918,15564,3200,956,6816,1000,1248,1592,1628,1248
4,526,3153,1730,1184,1188,3918,6816,15564,228,3200,1000,724,724,1424,1592
2,3153,1184,1730,526,1190,6816,228,15564,3918,1597,724,1424,724,1000,1368
2,3153,526,1730,1190,1463,6816,3918,15564,1597,2508,0,405,0,699,419
2,1730,3153,1184,526,1190,15564,6816,228,3918,1597,900,900,1188,1528,2140
4,526,1730,1184,3153,1188,3918,15564,228,6816,3200,1528,900,1188,900,2492
4,526,3153,1184,1730,1188,3918,6816,228,15564,3200,1528,900,1188,900,2492
3,1184,3153,1730,526,1188,228,6816,15564,3918,3200,1188,900,900,1528,2492
5,629,106,7024,2469,20452,779,327,12895,17977,83361,1120,672,672,1004,1208
2,629,834,1044,1622,1817,779,1250,4743,7598,1498,0,0,0,2392,2996
4,1622,629,1044,834,1817,7598,779,4743,1250,1498,2392,0,0,0,2996
2,629,834,1044,1622,1817,779,1250,4743,7598,1498,0,0,0,708,882
2,629,834,1044,1622,1817,779,1250,4743,7598,1498,0,0,0,708,882
1,3708,629,834,1044,1622,6001,779,1250,4743,7598,890,0,0,0,708
1,3708,629,834,1044,1622,6001,779,1250,4743,7598,890,0,0,0,708
5,629,2932,1028,1556,2109,779,2181,4333,434,1759,0,876,1976,1896,0
5,1548,2109,1028,1556,2932,12008,1759,4333,434,2181,578,0,578,557,289
3,671,1504,1239,527,2477,1492,198,12395,106,10492,1600,0,1828,1828,1828
2,1504,1239,671,527,2477,198,12395,1492,106,10492,0,1828,1600,1828,1828
2,217,1617,1816,233,2932,216,1259,3919,1470,2181,0,0,1884,0,876
5,233,413,1186,0,817,1470,4402,4104,281,1505,0,1688,1540,0,0
2,817,2705,413,0,1186,1505,89841,4402,281,4104,0,1561,485,0,496
4,0,413,1186,817,1090,281,4402,4104,1505,6583,0,485,496,0,496
1,1223,217,1617,233,1172,42422,216,1259,1470,726,919,0,0,0,780
4,177,98,297,2705,1481,907,634,1763,89841,1372,628,0,0,1888,628
1,1239,1504,671,527,909,12395,198,1492,106,916,1828,0,1600,1828,0
3,2477,527,1239,86,671,10492,106,12395,103,1492,0,0,0,2500,3000
3,2274,75,927,646,799,8347,315,2632,194,937,2380,0,0,2380,0
4,1199,91,889,4358,646,13735,401,480,16200,194,1516,512,1516,512,2380
4,1199,91,889,4358,1381,13735,401,480,16200,1629,1516,512,1516,512,3060
1,1325,413,817,0,995,30295,4402,1505,281,1513,1114,0,485,485,0
5,995,413,817,0,1220,1513,4402,1505,281,18568,620,0,485,485,876
1,2274,646,1760,1813,413,8347,194,14651,2566,4402,397,397,397,689,0
5,927,646,1760,1813,2274,2632,194,14651,2566,8347,822,397,397,689,397
3,2274,1025,646,1760,1813,8347,104,194,14651,2566,397,397,397,397,689
2,1025,646,2274,1760,1813,104,194,8347,14651,2566,397,397,397,397,689
3,1447,2322,1220,36,646,2000,867,18568,276,194,2600,544,948,2100,0
1,1325,2322,1220,36,1447,30295,867,18568,276,2000,785,170,333,572,603
1,1025,646,2274,1760,1813,104,194,8347,14651,2566,0,0,0,0,1500
4,1760,646,2274,1025,1813,14651,194,8347,104,2566,0,0,0,0,1500
3,4358,889,1199,267,646,16200,480,13735,3670,194,1424,0,0,2544,0
2,889,1199,4358,267,2939,480,13735,16200,3670,2361,0,0,1424,2544,2544
3,900,135,1325,1031,3403,5818,409,30295,7272,12516,489,0,1274,745,745
5,1622,4160,3479,1817,2473,7598,19515,27106,1498,1131,2496,712,712,2080,0
4,2473,3479,0,4160,1817,1131,27106,697,19515,1498,712,0,700,0,2080
3,3479,4160,2473,1817,1622,27106,19515,1131,1498,7598,0,0,247,369,687
5,1622,2925,6330,1000,4409,7598,4548,11383,665,19541,0,0,0,594,819
4,1000,2925,6330,4409,1645,665,4548,11383,19541,7010,594,0,0,819,594
3,1645,6330,2925,1000,3400,7010,11383,4548,665,17619,594,0,0,594,819
2,6330,2925,1645,1000,3400,11383,4548,7010,665,17619,0,0,594,594,819
5,6330,417,3400,2701,4409,11383,0,17619,4208,19541,0,0,0,748,0
2,260,2578,275,889,3400,128,3929,4672,480,17619,0,0,0,1046,0
2,403,3708,1622,2473,3479,40,6001,7598,1131,27106,0,350,0,646,687
5,3401,4406,1192,2201,3289,21946,10446,2578,30672,9748,880,0,741,741,880
1,1220,2322,1447,36,1309,18568,867,2000,276,2066,948,544,2600,2100,2364
1,1220,2322,1309,7024,36,18568,867,2066,12895,276,812,0,2012,2200,2100
4,1309,2322,1220,7024,36,2066,867,18568,12895,276,480,0,261,524,559
4,1548,81,1491,1028,2932,12008,491,690,4333,2181,406,295,295,406,581
1,1028,81,1491,1548,2932,4333,491,690,12008,2181,406,295,295,406,581
5,2287,106,1309,772,7024,1420,327,2066,1424,12895,0,237,463,291,237
3,7024,106,20452,772,1309,12895,327,83361,1424,2066,788,788,1756,892,1548
2,772,2469,7024,1309,2705,1424,17977,12895,2066,89841,0,603,219,356,575
3,67,1188,842,1190,1463,2329,3200,956,1597,2508,476,0,476,1008,1032
4,1190,1188,67,842,1463,1597,3200,2329,956,2508,1008,0,476,476,1032
5,3153,4160,3479,1817,2473,6816,19515,27106,1498,1131,246,247,247,599,0
4,295,799,1850,1911,2473,197,148,1213,686,1131,1508,1788,1508,1852,0
4,1309,772,7024,1031,2469,2066,1424,12895,402,17977,501,193,485,193,603
5,20452,552,2469,2705,1447,83361,3932,17977,89841,2000,1100,896,1000,1100,0
4,2469,772,1309,7024,552,17977,1424,2066,12895,3932,603,0,356,219,237
2,1031,2705,7024,772,1309,402,89841,12895,1424,2066,0,727,424,252,356
2,772,1031,7024,1309,2469,1424,402,12895,2066,17977,252,0,424,560,701
2,1556,1023,1101,148,772,434,194,460,3677,1424,136,0,214,411,252
1,1850,303,66,295,148,1213,180,1777,197,3677,0,0,996,0,1064
1,2121,303,1850,295,66,41669,180,1213,197,1777,770,0,0,0,434
5,1188,67,1190,1463,842,3200,2329,1597,2508,956,298,231,282,289,231
2,63,898,0,6617,450,1050,56296,5333,95932,401,0,335,0,335,508
3,1765,66,3610,898,2725,655,0,5189,56296,3107,1296,0,0,1612,0
5,322,854,63,0,898,1712,263,1050,5333,56296,0,0,488,488,717
3,1153,806,5190,2792,4358,1903,112,59651,1896,16200,0,0,1664,0,512
1,4160,2473,3479,1817,1153,19515,1131,27106,1498,1903,712,0,712,2080,0
4,60,1789,130,1469,1324,26,8709,324,3123,2309,2900,1744,3368,1744,824
4,2063,442,231,720,1789,3878,125,2347,107,8709,0,0,0,13796,1744
2,148,2121,6438,388,2932,3677,41669,77335,252,2181,0,0,0,836,692
2,148,2121,6438,388,1556,3677,41669,77335,252,434,0,0,0,836,1064
4,1399,73,908,68,148,1189,1608,1905,45,3677,876,0,0,1204,0
2,322,2001,591,36,908,1712,4634,423,276,1905,0,0,510,704,0
1,1188,842,67,1190,2322,3200,956,2329,1597,867,0,143,143,334,261
4,1190,842,67,1188,1463,1597,956,2329,3200,2508,334,143,143,0,341
1,7024,1188,842,67,1190,12895,3200,956,2329,1597,657,0,143,143,334
5,1190,1188,842,67,7024,1597,3200,956,2329,12895,334,0,143,143,657
4,2705,598,2469,7024,20452,89841,429,17977,12895,83361,1164,0,1080,1200,1164
5,20452,598,2469,2705,7024,83361,429,17977,89841,12895,1164,0,1080,1164,1200
3,2469,106,7024,2705,20452,17977,327,12895,89841,83361,1004,672,672,1208,1164
4,3400,672,1395,991,842,17619,359,527,220,956,366,0,251,412,0
2,672,4409,1395,3400,2701,359,19541,527,17619,4208,0,366,251,366,604
4,295,303,66,1850,1911,197,180,1777,1213,686,0,0,996,0,996
5,295,1395,0,3400,672,197,527,34996,17619,359,0,251,251,366,0
2,58,3375,803,1345,3400,189,17328,1587,6319,17619,0,763,541,541,366
1,560,58,803,1345,1689,2100,189,1587,6319,6187,702,0,541,541,702
1,66,1911,1650,295,58,1777,686,9100,197,189,0,0,0,996,0
3,1394,3375,468,96,635,1528,17328,728,1841,5147,1152,1036,0,1500,1500
5,635,869,1689,96,3375,5147,214,6187,1841,17328,1500,0,0,2216,1300
5,1689,468,1394,96,3375,6187,728,1528,1841,17328,0,0,355,469,316
3,1689,869,560,3375,96,6187,214,2100,17328,1841,0,0,0,425,469
5,96,560,1689,3375,869,1841,2100,6187,17328,214,2216,0,0,1300,0
5,635,1394,1689,96,3375,5147,1528,6187,1841,17328,701,0,527,659,266
5,1689,468,1394,96,3375,6187,728,1528,1841,17328,0,784,808,1500,1244
1,468,1394,3375,96,635,728,1528,17328,1841,5147,784,808,1244,1500,1500
2,526,3153,1184,1730,1689,3918,6816,228,15564,6187,0,1180,972,1180,0
4,1190,1730,526,3153,1463,1597,15564,3918,6816,2508,2140,0,1180,0,2300
1,1730,3153,526,1190,1463,15564,6816,3918,1597,2508,0,0,1180,2140,2164
5,1730,456,176,625,2952,15564,0,4754,577,4534,0,156,156,367,156
3,176,456,2952,625,449,4754,0,4534,577,349,156,156,156,367,490
2,435,456,176,2952,625,100,0,4754,4534,577,0,0,0,0,367
2,456,435,176,2952,625,0,100,4754,4534,577,0,0,0,0,1144
3,1491,81,1028,1548,2932,690,491,4333,12008,2181,944,944,1304,1304,1900
1,3708,403,1622,2473,1548,6001,40,7598,1131,12008,350,0,0,646,0
5,2473,403,1622,3708,1223,1131,40,7598,6001,42422,646,0,0,350,1823
5,4160,403,1622,2473,3708,19515,40,7598,1131,6001,687,0,0,646,350
3,3400,991,4409,2701,3708,17619,220,19541,4208,6001,224,0,224,572,350
5,1668,991,3400,2701,4409,10866,220,17619,4208,19541,572,0,224,572,224
4,3400,1395,0,4409,2701,17619,527,34996,19541,4208,600,0,0,600,1400
5,2925,1395,0,3400,4409,4548,527,34996,17619,19541,615,0,0,295,295
3,176,456,2952,625,1622,4754,0,4534,577,7598,156,156,156,367,350
1,2952,456,176,625,449,4534,0,4754,577,349,156,156,156,367,490
2,456,3418,176,2952,625,0,6650,4754,4534,577,156,716,156,156,367
2,456,3418,176,2952,625,0,6650,4754,4534,577,156,716,156,156,367
5,449,456,176,625,2952,349,0,4754,577,4534,1908,0,0,1144,0
4,1760,1025,2274,646,4054,14651,104,8347,194,2456,397,397,397,397,0
5,1813,1025,2274,1760,646,2566,104,8347,14651,194,689,397,397,397,397
2,1025,646,2274,1760,1813,104,194,8347,14651,2566,0,0,0,0,1800
4,1760,1025,2274,646,1813,14651,104,8347,194,2566,0,0,0,0,1500
3,1760,646,2274,1813,927,14651,194,8347,2566,2632,0,0,0,1500,2380
2,646,2274,1760,1813,927,194,8347,14651,2566,2632,0,0,0,1500,2380
1,1617,217,1816,233,163,1259,216,3919,1470,1310,0,0,1884,0,2200
1,1617,217,1816,233,163,1259,216,3919,1470,1310,0,0,609,0,759
5,163,217,1816,233,1617,1310,216,3919,1470,1259,2200,0,1884,0,0
2,217,2274,1617,233,1816,216,8347,1259,1470,3919,0,801,0,0,609
1,1617,217,1816,233,163,1259,216,3919,1470,1310,0,0,1884,0,2200
3,1816,217,1617,233,163,3919,216,1259,1470,1310,1884,0,0,0,2200
5,163,217,1816,233,1617,1310,216,3919,1470,1259,2200,0,1884,0,0
1,2932,2109,1028,1548,233,2181,1759,4333,12008,1470,308,311,433,433,0
4,1028,2932,2109,2121,1548,4333,2181,1759,41669,12008,1800,1144,940,2100,1800
4,681,2677,2199,2449,2932,6536,9375,9420,6044,2181,647,559,559,0,308
1,1841,68,114,274,3210,7523,45,359,5555,3884,0,0,0,0,488
3,294,262,1959,1491,114,1043,5344,858,690,359,2392,0,0,1900,0
4,570,294,2287,3289,1959,3478,1043,1420,9748,858,414,0,414,928,622
3,602,62,824,554,1331,1142,916,3043,2979,3291,0,0,866,755,866
2,262,1959,294,1491,1556,5344,858,1043,690,434,0,0,622,667,750
3,0,12,525,1172,262,985,46,2013,726,5344,0,0,0,1492,0
3,0,12,4409,1172,974,985,46,19541,726,572,0,0,2058,399,919
4,58,669,1345,803,231,189,780,6319,1587,2347,1102,0,883,883,1502
5,663,68,114,274,1841,1195,45,359,5555,7523,690,0,0,0,0
1,629,834,1044,1622,1817,779,1250,4743,7598,1498,0,0,0,708,882
4,1622,834,1044,629,1817,7598,1250,4743,779,1498,708,0,0,0,882
5,1817,629,1044,1622,834,1498,779,4743,7598,1250,2996,0,0,2392,0
4,1622,629,1044,834,1817,7598,779,4743,1250,1498,2392,0,0,0,2996
3,834,629,1044,1622,1817,1250,779,4743,7598,1498,0,0,0,2392,2996
2,629,1044,834,1622,1817,779,4743,1250,7598,1498,0,0,0,2392,2996
1,2473,4160,3479,1817,1622,1131,19515,27106,1498,7598,0,247,247,599,646
2,267,361,2939,63,0,3670,217,2361,1050,5333,0,901,0,664,664
4,66,2287,570,2121,267,1777,1420,3478,41669,3670,584,0,0,820,0
5,1172,646,1760,1813,2274,726,194,14651,2566,8347,1500,0,0,1500,0
3,1760,646,2274,1813,927,14651,194,8347,2566,2632,0,0,0,1500,2380
1,1335,1324,1651,1828,2922,5049,2309,22007,8660,8606,1180,1180,1180,2164,2164
1,2274,646,1760,1813,1324,8347,194,14651,2566,2309,397,397,397,689,423
3,1760,646,2274,1813,927,14651,194,8347,2566,2632,397,397,397,689,822
5,927,646,1760,1813,2274,2632,194,14651,2566,8347,2500,1100,1100,1800,1100
2,646,2274,1760,1813,927,194,8347,14651,2566,2632,1100,1100,1100,1800,2500
2,63,898,0,6617,646,1050,56296,5333,95932,194,0,335,0,335,397
4,898,63,0,3610,6617,56296,1050,5333,5189,95932,335,0,0,675,335
5,63,66,1765,898,3610,1050,0,655,56296,5189,0,0,1296,1612,0
1,1265,143,1148,442,3610,315,65,1063,457,5189,0,0,0,0,0
1,1335,1324,1651,1309,2199,5049,2309,22007,2066,9420,1100,1100,1100,3732,724
2,1324,2705,1335,1651,1309,2309,89841,5049,22007,2066,1100,3400,1100,1100,3732
5,44,113,1314,1645,1614,2242,0,6220,590,1645,465,0,403,465,0
3,7024,772,1031,1309,2469,12895,1424,402,2066,17977,1388,876,0,1728,2212
5,772,6617,1314,63,898,1424,95932,6220,1050,56296,876,0,600,892,0
2,6617,898,1314,63,0,95932,56296,6220,1050,5333,0,0,600,892,892
1,2725,946,854,3610,898,3107,236,263,5189,56296,0,960,1204,1676,0
5,946,267,63,0,2939,236,3670,1050,5333,2361,1200,0,2076,2076,0
5,267,113,1314,1645,1614,3670,0,6220,590,1645,0,0,403,465,0
2,113,1614,1314,1645,44,0,1645,6220,590,2242,0,0,403,465,465
1,2725,854,63,0,3610,3107,263,1050,5333,5189,1204,0,1404,1404,1600
4,1548,2109,1028,2932,1614,12008,1759,4333,2181,1645,433,311,433,308,0
1,1645,113,1614,1314,44,590,0,1645,6220,2242,1124,0,0,1140,1124
1,148,258,585,350,6617,2754,813,781,1083,95932,1800,0,1780,1780,0
3,585,258,148,350,84,781,813,2754,1083,809,493,0,582,493,582
1,2121,388,702,148,350,41669,252,792,3677,1083,836,0,0,836,1780
5,2121,388,702,148,1792,41669,252,792,3677,2677,289,0,0,289,362
4,6438,148,2121,1556,388,77335,3677,41669,434,252,400,400,400,768,0
1,1556,148,2121,6438,2932,434,3677,41669,77335,2181,768,400,400,400,1192
2,45,2209,1325,384,10325,111,2410,30295,551,37322,290,280,360,290,360
4,1314,898,6617,1614,63,6220,56296,95932,1645,1050,600,0,0,1560,892
5,898,85,183,733,2773,56296,0,328,5931,4402,0,0,0,0,0
1,610,262,436,368,6330,47,930,885,3797,11383,0,0,0,700,0
2,1031,3403,36,441,262,7272,12516,253,2741,930,1200,1200,2484,2700,0
3,36,1031,3403,441,135,253,7272,12516,2741,409,2484,1200,1200,2700,2800
3,155,467,3610,442,1265,529,0,5189,457,315,844,0,648,1464,1464
3,2725,946,854,63,442,3107,236,263,1050,457,960,0,1892,1956,1464
4,570,136,2287,3289,3401,3478,249,1420,9748,21946,514,0,514,651,651
5,3479,135,0,4160,1817,27106,169,697,19515,1498,369,293,293,369,0
3,0,135,1817,4160,3479,697,169,1498,19515,27106,928,928,0,1144,1144
5,1817,1188,842,67,7024,1498,3200,956,2329,12895,0,223,234,234,508
2,1188,7024,842,67,2469,3200,12895,956,2329,17977,223,508,234,234,361
4,1309,106,7024,843,1188,2066,327,12895,153,3200,1124,844,844,0,824
2,843,7024,1309,2469,772,153,12895,2066,17977,1424,0,227,289,336,431
4,54,5190,163,4054,1247,1601,59651,1310,2456,4727,388,0,388,0,388
4,2705,598,2469,7024,733,89841,429,17977,12895,5931,349,0,324,398,0
2,598,7024,2469,2705,20452,429,12895,17977,89841,83361,0,398,324,349,349
2,2199,2677,552,36,3610,9420,9375,3932,276,5189,892,892,1860,1064,648
4,36,2199,552,2677,1506,276,9420,3932,9375,632,1064,892,1860,892,1120
1,7024,2469,401,2705,2199,12895,17977,4547,89841,9420,399,0,167,167,300
2,2469,7024,401,2705,20452,17977,12895,4547,89841,83361,0,399,167,167,167
5,1463,5190,163,54,4054,2508,59651,1310,1601,2456,0,0,1264,1264,0
5,570,3401,136,2287,3289,3478,21946,249,1420,9748,837,0,651,837,0
5,570,3401,136,2287,3289,3478,21946,249,1420,9748,2952,0,2460,2952,0
3,4054,309,770,5190,3289,2456,33,289,59651,9748,170,0,0,170,0
4,620,895,619,3830,4054,1827,0,1542,7566,2456,480,0,480,0,588
4,620,895,619,3830,0,1827,0,1542,7566,4573,480,0,480,0,480
4,2473,403,1622,3708,867,1131,40,7598,6001,197,646,0,0,350,0
2,403,3708,1622,2473,3479,40,6001,7598,1131,27106,0,350,0,646,687
5,2473,403,1622,3708,3418,1131,40,7598,6001,6650,646,546,546,644,1112
1,1223,403,1622,3708,347,42422,40,7598,6001,431,1571,546,546,644,652
2,1394,3375,1689,96,635,1528,17328,6187,1841,5147,266,0,425,605,701
2,3375,468,1394,1689,96,17328,728,1528,6187,1841,0,1036,836,1300,2100
4,96,1394,1689,3375,635,1841,1528,6187,17328,5147,2100,836,1300,0,2100
2,1394,3375,1689,96,635,1528,17328,6187,1841,5147,266,0,425,605,701
1,3375,1394,1689,96,635,17328,1528,6187,1841,5147,266,0,527,659,659
4,233,78,1617,1816,1689,1470,112,1259,3919,6187,1800,0,1800,0,1200
3,1617,78,1816,233,646,1259,112,3919,1470,194,1800,0,0,1800,2516
1,2677,2199,552,36,1506,9375,9420,3932,276,632,300,300,496,354,388
2,2199,2677,552,36,1506,9420,9375,3932,276,632,300,300,496,354,388
1,2677,2199,2449,1506,36,9375,9420,6044,632,276,254,254,625,477,340
3,2449,2199,2677,1506,36,6044,9420,9375,632,276,1700,0,0,884,1736
3,2199,36,2677,1506,2449,9420,276,9375,632,6044,458,0,458,488,559
5,267,946,63,0,2725,3670,236,1050,5333,3107,1200,0,1956,1956,960
1,4054,5190,163,54,946,2456,59651,1310,1601,236,0,0,388,388,0
5,4054,578,1792,360,2109,2456,105,2677,100,1759,0,591,695,695,547
5,1028,578,1792,360,2109,4333,105,2677,100,1759,725,591,695,695,547
1,2932,2109,1792,360,1028,2181,1759,2677,100,4333,1852,1192,2784,2784,2952
5,1813,646,2274,1760,1025,2566,194,8347,14651,104,1500,0,0,0,0
4,1760,646,2274,1025,1813,14651,194,8347,104,2566,0,0,0,0,1500
3,76,554,2701,241,646,121,2979,4208,485,194,660,0,892,827,0
4,1934,260,275,2578,889,23864,128,4672,3929,480,1322,754,754,754,1438
4,554,1331,35,824,260,2979,3291,185,3043,128,2108,0,1680,0,2000
1,36,2677,2199,1506,3708,276,9375,9420,632,6001,0,1308,1308,1436,0
3,2199,36,2677,1506,2322,9420,276,9375,632,867,458,0,458,488,559
1,525,12,0,1172,974,2013,46,985,726,572,0,0,0,1492,2100
1,2677,1506,2199,36,322,9375,632,9420,276,1712,447,258,447,340,584
3,382,1938,508,974,179,1172,5322,4824,572,259,741,0,0,831,1054
4,36,2677,2199,1506,1938,276,9375,9420,632,5322,1064,892,892,1120,0
4,36,2677,2199,1506,552,276,9375,9420,632,3932,1064,892,892,1120,1860
1,1506,2677,2199,36,552,632,9375,9420,276,3932,0,884,884,1436,1860
4,63,267,2939,898,1506,1050,3670,2361,56296,632,664,0,0,927,0
4,0,267,63,2939,946,5333,3670,1050,2361,236,2076,0,2076,0,1200
1,2677,2199,2449,1506,267,9375,9420,6044,632,3670,0,0,1700,884,0
1,1506,2677,2199,36,2449,632,9375,9420,276,6044,884,0,0,1308,1700
1,1469,1789,309,60,2677,3123,8709,2546,26,9375,0,0,1928,1928,0
3,1789,1469,1325,60,309,8709,3123,30295,26,2546,0,0,1431,594,594
3,297,98,653,177,1469,1763,634,574,907,3123,500,500,0,1034,0
5,177,991,3400,2701,4409,907,220,17619,4208,19541,1034,0,224,572,224
4,526,3153,1184,1730,3400,3918,6816,228,15564,17619,1528,900,1188,900,400
3,1184,3153,1730,526,1188,228,6816,15564,3918,3200,1188,900,900,1528,2492
1,3153,1730,526,1190,1188,6816,15564,3918,1597,3200,0,0,1180,2140,2492
2,629,834,1044,1622,889,779,1250,4743,7598,480,0,0,0,2392,748
2,629,834,1044,1622,1817,779,1250,4743,7598,1498,0,0,0,2392,2996
4,1190,1730,526,3153,629,1597,15564,3918,6816,779,2140,0,1180,0,0
4,1190,3153,526,1730,1463,1597,6816,3918,15564,2508,699,0,405,0,706
4,1190,1730,526,3153,1463,1597,15564,3918,6816,2508,412,246,347,246,706
1,3153,1730,526,1190,1463,6816,15564,3918,1597,2508,246,246,347,412,419
3,1614,113,1645,1314,44,1645,0,590,6220,2242,0,0,1124,1140,784
4,1314,113,1614,898,44,6220,0,1645,56296,2242,403,0,0,579,465
4,442,467,155,3610,1265,457,0,529,5189,315,1464,0,844,648,1464
4,1314,898,6617,297,442,6220,56296,95932,1973,457,600,0,0,9500,0
3,77,867,1774,379,619,195,197,1950,225,1542,1164,1216,0,1164,0
3,0,63,898,6617,867,5333,1050,56296,95932,197,0,0,335,335,334
3,1645,6330,2925,1000,3400,7010,11383,4548,665,17619,594,0,0,594,819
4,1000,6330,1645,2925,3400,665,11383,7010,4548,17619,594,0,594,0,819
4,1556,2932,2109,2121,6330,434,2181,1759,41669,11383,1332,0,876,1600,0
5,2932,388,702,148,1792,2181,252,792,3677,2677,0,0,0,836,1200
3,20452,2705,401,2469,2109,83361,89841,4547,17977,1759,0,0,0,556,1192
1,1023,1556,1101,148,2705,194,434,460,3677,89841,0,136,214,411,0
3,1101,1023,1556,148,2121,460,194,434,3677,41669,214,0,136,411,411
2,619,5190,620,0,148,1542,59651,1827,4573,3677,0,1700,0,0,1384
1,1335,1324,1651,1309,1645,5049,2309,22007,2066,590,1100,1100,1100,3732,0
1,1335,1324,1651,1828,1309,5049,2309,22007,8660,2066,423,423,423,576,829
3,1651,1324,1335,1828,2922,22007,2309,5049,8660,8606,423,423,423,576,576
3,2274,108,1813,646,1760,8347,590,2566,194,14651,1400,0,0,1400,1400
5,867,456,702,360,1792,197,0,792,100,2677,0,586,702,586,586
5,388,456,1792,360,2121,252,0,2677,100,41669,702,586,586,586,832
3,1491,81,2121,1028,3400,690,491,41669,4333,17619,295,295,911,406,366
4,1548,81,1491,1028,2932,12008,491,690,4333,2181,406,295,295,406,581
1,1028,81,1491,1548,2932,4333,491,690,12008,2181,406,295,295,406,581
4,2701,991,3400,4409,1668,4208,220,17619,19541,10866,1400,0,400,400,1400
5,3400,125,92,877,3418,17619,70,2307,1615,6650,224,0,0,0,419
5,92,1184,526,1730,3153,2307,228,3918,15564,6816,0,740,1328,1372,1372
2,1184,7024,526,3153,1730,228,12895,3918,6816,15564,250,1349,444,449,449
2,435,456,176,2952,526,100,0,4754,4534,3918,0,0,0,0,444
3,176,456,435,2952,625,4754,0,100,4534,577,0,0,0,0,256
5,176,81,1491,1548,1028,4754,491,690,12008,4333,0,944,944,1304,1304
3,1491,81,1028,1548,2932,690,491,4333,12008,2181,944,944,1304,1304,1900
3,1491,1548,1028,2932,1556,690,12008,4333,2181,434,888,0,0,1412,2000
3,1548,1028,2121,1491,2932,12008,4333,41669,690,2181,0,0,737,265,407
5,1491,456,176,625,2952,690,0,4754,577,4534,0,0,0,256,0
2,435,456,176,2952,625,100,0,4754,4534,577,0,0,0,0,256
5,1556,1548,1491,2932,1028,434,12008,690,2181,4333,1816,0,888,1412,0
4,1028,81,1491,1959,1548,4333,491,690,858,12008,414,197,197,774,0
3,1491,81,1028,1548,2932,690,491,4333,12008,2181,944,944,1304,1304,1900
4,2932,1548,1491,1028,1556,2181,12008,690,4333,434,1412,0,888,0,1816
1,900,135,165,384,1331,5818,409,437,551,9861,0,489,703,741,777
1,3403,900,135,384,1331,12516,5818,409,551,9861,780,0,489,741,777
4,2473,403,1622,3708,4160,1131,40,7598,6001,19515,2496,0,0,1012,2000
5,3479,403,1622,2473,3708,27106,40,7598,1131,6001,2000,0,0,2496,1012
4,347,3708,114,1622,2473,431,6001,163,7598,1131,2300,0,2324,1012,2496
3,116,36,241,554,975,68,53,485,2979,1058,1500,2556,0,2000,1500
2,575,689,843,449,909,104,433,3536,349,916,0,0,0,2600,4240
4,96,1394,1689,3375,554,1841,1528,6187,17328,2979,659,0,527,266,0
1,974,1172,0,382,508,572,726,985,1172,4824,660,0,399,994,1057
4,1324,1192,2201,4406,1172,2309,2578,30672,10446,726,3400,1400,1400,1200,0
3,45,1331,1325,384,10325,111,9861,30295,551,37322,768,0,1120,768,1120
1,3403,1031,36,135,1331,12516,7272,253,409,9861,0,0,1752,2588,0
5,10325,1186,1090,0,817,37322,4104,6583,281,1505,565,0,0,496,496
2,2209,1325,45,384,1186,2410,30295,111,551,4104,0,388,318,318,0
2,5190,4054,163,54,1247,59651,2456,1310,1601,4727,0,0,1264,1264,1264
4,620,720,619,449,92,1827,107,1542,349,2307,320,221,320,0,0
3,7024,106,2705,772,2209,12895,327,89841,1424,2410,0,0,490,219,280
1,1381,380,183,733,2773,1629,4508,328,5931,4402,0,0,3000,2400,2400
4,733,380,183,1381,2773,5931,4508,328,1629,4402,2400,0,3000,0,2400
1,1645,113,1614,1314,1381,590,0,1645,6220,1629,1124,0,0,1140,0
3,1614,113,898,1314,44,1645,0,56296,6220,2242,0,0,579,403,465
5,10325,45,1325,384,2209,37322,111,30295,551,2410,360,290,360,290,280
5,384,3153,1184,526,1730,551,6816,228,3918,15564,1000,900,1188,1528,900
1,1730,3153,1184,526,1188,15564,6816,228,3918,3200,900,900,1188,1528,2492
2,552,1190,1447,2705,3153,3932,1597,2000,89841,6816,294,534,329,495,290
5,552,106,7024,1309,843,3932,327,12895,2066,153,900,844,844,1124,0
5,570,3401,136,2287,3289,3478,21946,249,1420,9748,2952,620,2480,2900,620
2,3401,3289,136,2287,570,21946,9748,249,1420,3478,620,620,2480,2900,2900
3,3401,3289,2121,2287,570,21946,9748,41669,1420,3478,620,620,3600,2900,2900
2,3289,2121,3401,2287,570,9748,41669,21946,1420,3478,620,3600,620,2900,2900
3,136,3401,3289,2287,570,249,21946,9748,1420,3478,644,187,187,830,830
1,3289,3401,136,2287,570,9748,21946,249,1420,3478,187,187,644,830,830
2,4160,2473,3479,1817,933,19515,1131,27106,1498,1770,0,712,0,1144,0
4,2473,4160,3479,135,1817,1131,19515,27106,169,1498,712,0,0,700,1144
2,3479,4160,0,2473,1817,27106,19515,697,1131,1498,0,0,700,712,1144
5,3479,135,0,4160,2473,27106,169,697,19515,1131,0,0,0,222,386
3,1548,1028,6337,1491,4160,12008,4333,46630,690,19515,0,0,6534,265,222
4,1491,1028,1548,2932,1556,690,4333,12008,2181,434,265,0,0,407,575
5,1556,81,1491,1548,1028,434,491,690,12008,4333,618,197,197,414,414
5,2932,81,1491,1548,1028,2181,491,690,12008,4333,581,283,283,500,500
3,1491,81,1028,1548,1556,690,491,4333,12008,434,944,944,1304,1304,2240
2,81,1028,1491,1548,2932,491,4333,690,12008,2181,944,1304,944,1304,1900
5,1556,1548,1491,2932,1028,434,12008,690,2181,4333,716,0,265,407,0
2,1548,1028,1491,2932,1556,12008,4333,690,2181,434,0,0,265,407,575
3,1491,81,1028,1548,2932,690,491,4333,12008,2181,295,295,406,406,407
5,2932,81,1491,1548,1028,2181,491,690,12008,4333,1900,944,944,1304,1304
1,1028,81,1491,1548,1556,4333,491,690,12008,434,414,197,197,414,618
1,1223,799,0,661,1491,42422,937,45,1250,690,1232,0,0,0,197
4,4054,799,0,661,5190,2456,937,45,1250,59651,2000,0,0,0,2000
4,4054,799,0,661,5190,2456,937,45,1250,59651,2000,0,0,0,2000
3,0,799,2925,661,4054,45,937,4548,1250,2456,0,0,919,0,696
5,5190,799,0,4054,661,59651,937,45,2456,1250,2000,0,0,2000,0
4,4054,799,0,661,5190,2456,937,45,1250,59651,2000,0,0,0,2000
2,799,661,0,4054,5190,937,1250,45,2456,59651,0,0,0,696,696
1,1223,799,0,661,4054,42422,937,45,1250,2456,1232,0,0,0,696
2,799,661,0,4054,5190,937,1250,45,2456,59651,0,0,0,2000,2000
3,7024,106,772,1309,2469,12895,327,1424,2066,17977,668,668,0,1008,2092
3,176,456,435,2952,772,4754,0,100,4534,1424,520,520,520,520,1752
4,2952,456,176,435,625,4534,0,4754,100,577,520,520,520,520,1644
4,625,456,176,2952,449,577,0,4754,4534,349,1644,520,520,520,1908
5,449,456,176,625,2952,349,0,4754,577,4534,1908,520,520,1644,520
2,3153,1730,1184,526,1188,6816,15564,228,3918,3200,900,900,1188,1528,2492
2,3153,1730,1184,526,1188,6816,15564,228,3918,3200,900,900,1188,1528,2492
1,3153,1730,1184,526,1188,6816,15564,228,3918,3200,290,290,399,505,859
1,3153,1730,1184,526,1188,6816,15564,228,3918,3200,290,290,399,505,859
4,526,1730,1184,3153,1188,3918,15564,228,6816,3200,505,290,399,290,859
4,526,1730,1184,3153,1188,3918,15564,228,6816,3200,505,290,399,290,859
1,527,86,2477,1239,2287,106,103,10492,12395,1420,1756,1500,1756,1756,2556
1,1239,1504,671,527,86,12395,198,1492,106,103,1828,0,1600,1828,1500
1,7024,106,2469,2705,671,12895,327,17977,89841,1492,672,672,1004,1208,1600
4,666,324,2304,2705,2725,1355,6322,8249,89841,3107,660,0,0,2225,0
5,84,527,2477,86,1239,809,106,10492,103,12395,1000,0,0,2500,0
5,527,60,309,1991,959,106,26,2546,10068,5877,0,0,0,0,0
3,309,60,1325,959,1991,2546,26,30295,5877,10068,0,0,1273,0,0
1,148,90,709,84,3961,2754,22,269,809,6340,0,0,0,0,0
5,84,1504,671,527,1239,809,198,1492,106,12395,0,0,507,731,731
1,2473,4160,3479,1817,280,1131,19515,27106,1498,5127,712,0,0,1144,0
4,2473,3479,0,4160,1817,1131,27106,697,19515,1498,712,0,700,0,1144
4,148,388,702,1792,686,3677,252,792,2677,368,289,0,0,362,0
1,702,388,148,2121,6438,792,252,3677,41669,77335,0,0,289,289,289
5,388,578,2109,1556,2932,252,105,1759,434,2181,0,692,876,1332,0
3,1792,2109,2932,360,1556,2677,1759,2181,100,434,695,547,702,695,362
4,379,105,77,3418,360,225,70,195,6650,100,0,0,0,0,2784
1,66,1911,1650,295,379,1777,686,9100,197,225,0,0,0,996,0
1,449,720,619,620,66,349,107,1542,1827,1777,0,221,320,320,0
1,1223,449,619,620,0,42422,349,1542,1827,4573,320,0,320,320,320
3,136,3401,3289,2287,552,249,21946,9748,1420,3932,2480,620,620,2900,1180
1,3289,3401,136,2287,570,9748,21946,249,1420,3478,620,620,2480,2900,2900
1,661,799,0,4054,6330,1250,937,45,2456,11383,0,0,0,2000,0
4,661,799,0,1223,4054,1250,937,45,42422,2456,0,0,0,1232,696
5,5190,799,0,4054,661,59651,937,45,2456,1250,2000,0,0,2000,0
5,5190,799,0,4054,661,59651,937,45,2456,1250,2000,0,0,2000,0
2,799,661,0,4054,5190,937,1250,45,2456,59651,0,0,0,2000,2000
3,0,1172,974,382,799,985,726,572,1172,937,399,0,660,994,0
4,1239,86,2477,527,92,12395,103,10492,106,2307,1756,1500,1756,1756,0
3,2469,1447,20452,2322,6617,17977,2000,83361,867,95932,1728,1252,1920,1744,720
1,2121,2109,2932,1556,1447,41669,1759,2181,434,2000,687,0,289,557,391
2,1556,2932,148,2121,946,434,2181,3677,41669,236,222,342,238,238,996
4,2121,1556,148,2932,6438,41669,434,3677,2181,77335,238,222,238,342,238
2,898,3610,6617,1314,10325,56296,5189,95932,6220,37322,0,604,0,249,0
4,148,578,2932,1792,442,3677,105,2181,2677,457,381,0,191,517,0
3,1774,574,3418,867,449,1950,593,6650,197,349,449,0,720,247,703
4,6617,1765,898,3610,4054,95932,655,56296,5189,2456,308,0,308,430,0
5,6617,190,0,442,898,95932,517,1344,457,56296,308,0,0,583,695
4,231,1345,58,803,442,2347,6319,189,1587,457,771,0,541,0,583
1,2925,6330,1645,1000,3400,4548,11383,7010,665,17619,0,0,1200,1200,1900
5,3400,6330,1645,1000,2925,17619,11383,7010,665,4548,1900,0,1200,1200,0
1,1463,1190,1188,842,772,2508,1597,3200,956,1424,788,568,1388,1424,668
2,2014,91,4358,450,1190,2229,401,16200,401,1597,386,526,526,563,171
3,552,2199,2677,36,2014,3932,9420,9375,276,2229,496,300,300,354,386
1,2677,2199,552,36,1506,9375,9420,3932,276,632,300,300,496,354,388
3,2449,2199,2677,1506,36,6044,9420,9375,632,276,625,254,254,477,616
5,1506,2199,552,36,2677,632,9420,3932,276,9375,477,300,496,354,300
1,2677,2199,552,36,1506,9375,9420,3932,276,632,300,300,496,354,388
1,66,799,1850,295,148,1777,148,1213,197,3677,638,489,504,504,547
1,889,1199,4358,267,295,480,13735,16200,3670,197,0,0,1424,2544,1508
2,1199,889,4358,267,2939,13735,480,16200,3670,2361,0,0,1424,2544,2544
1,4358,91,889,1199,267,16200,401,480,13735,3670,968,0,748,748,2544
2,217,1617,1816,233,163,216,1259,3919,1470,1310,0,0,609,0,759
3,1816,217,1617,233,163,3919,216,1259,1470,1310,609,0,0,0,759
1,1223,217,1617,233,1816,42422,216,1259,1470,3919,2000,0,0,0,1884
3,1816,217,1617,233,163,3919,216,1259,1470,1310,1884,0,0,0,2200
5,233,456,176,625,2952,1470,0,4754,577,4534,0,0,0,256,0
3,176,456,2952,625,1424,4754,0,4534,577,1132,0,0,0,256,527
4,2952,456,176,3418,625,4534,0,4754,6650,577,0,0,0,830,256
4,625,456,176,2952,1424,577,0,4754,4534,1132,1144,0,0,0,2068
1,3403,1031,36,441,900,12516,7272,253,2741,5818,385,385,590,862,1007
2,456,2952,176,625,1031,0,4534,4754,577,7272,156,156,156,367,385
5,449,456,176,625,2952,349,0,4754,577,4534,490,156,156,367,156
5,86,598,2469,2705,7024,21,429,17977,89841,12895,525,0,324,349,398
2,598,7024,2469,2705,20452,429,12895,17977,89841,83361,0,398,324,349,349
1,2925,4054,5190,163,2469,4548,2456,59651,1310,17977,1151,0,0,388,324
4,163,4054,5190,2925,54,1310,2456,59651,4548,1601,388,0,0,1151,388
4,1622,629,1044,834,575,7598,779,4743,1250,104,708,0,0,0,762
2,629,834,1044,1622,1817,779,1250,4743,7598,1498,0,0,0,708,882
2,629,834,1044,1622,1817,779,1250,4743,7598,1498,0,0,0,2392,2996
5,1817,629,1044,1622,834,1498,779,4743,7598,1250,2996,0,0,2392,0
5,1622,629,834,1044,2473,7598,779,1250,4743,1131,708,0,0,0,951
2,629,2473,834,1044,1622,779,1131,1250,4743,7598,0,951,0,0,708
1,1223,629,834,1044,1622,42422,779,1250,4743,7598,1389,0,0,0,708
4,1044,629,834,1223,1622,4743,779,1250,42422,7598,0,0,0,1389,708
2,629,834,1044,1622,1817,779,1250,4743,7598,1498,0,0,0,2392,2996
2,629,834,1044,1622,1817,779,1250,4743,7598,1498,0,0,0,2392,2996
2,629,834,1044,1622,1817,779,1250,4743,7598,1498,0,0,0,2392,2996
2,629,834,1044,1622,1817,779,1250,4743,7598,1498,0,0,0,2392,2996
4,1760,1025,2274,646,1813,14651,104,8347,194,2566,0,0,0,0,1500
2,1025,646,2274,1760,1813,104,194,8347,14651,2566,0,0,0,0,1500
5,1813,646,2274,1760,1239,2566,194,8347,14651,12395,600,0,0,0,1338
4,1760,646,2274,1239,1813,14651,194,8347,12395,2566,0,0,0,1338,600
3,2274,646,1025,1760,1813,8347,194,104,14651,2566,0,0,0,0,1500
5,1813,646,2274,1760,1025,2566,194,8347,14651,104,1500,0,0,0,0
2,6330,2925,1645,1000,3400,11383,4548,7010,665,17619,0,0,1200,1200,1900
5,3400,6330,1645,1000,2925,17619,11383,7010,665,4548,1900,0,1200,1200,0
4,1000,6330,1645,2925,3400,665,11383,7010,4548,17619,1200,0,1200,0,1900
5,3400,6330,1645,1000,2925,17619,11383,7010,665,4548,1900,0,1200,1200,0
3,2274,1025,646,1760,2925,8347,104,194,14651,4548,0,0,0,0,0
2,1025,646,2274,1760,1813,104,194,8347,14651,2566,0,0,0,0,1500
5,5190,799,0,4054,661,59651,937,45,2456,1250,2000,0,0,2000,0
1,661,799,0,4054,5190,1250,937,45,2456,59651,0,0,0,2000,2000
4,4054,799,0,661,5190,2456,937,45,1250,59651,2000,0,0,0,2000
2,799,661,0,4054,5190,937,1250,45,2456,59651,0,0,0,696,696
5,799,81,1491,1548,1028,937,491,690,12008,4333,0,295,295,406,406
1,1028,81,1491,1548,1556,4333,491,690,12008,434,500,283,283,500,618
4,1548,81,1491,1028,1556,12008,491,690,4333,434,1304,944,944,1304,2240
4,1548,81,1491,1028,2932,12008,491,690,4333,2181,406,295,295,406,581
3,63,854,2725,0,3610,1050,263,3107,5333,5189,488,0,549,488,631
3,163,5190,4054,54,1247,1310,59651,2456,1601,4727,1264,0,0,1264,1264
3,163,5190,4054,54,1247,1310,59651,2456,1601,4727,1264,0,0,1264,1264
1,1223,217,1617,233,4054,42422,216,1259,1470,2456,919,0,0,0,0
3,1394,468,3375,96,233,1528,728,17328,1841,1470,355,0,316,469,0
2,3375,468,1394,96,635,17328,728,1528,1841,5147,1036,0,1152,1500,1500
2,1394,3375,1689,96,635,1528,17328,6187,1841,5147,836,0,1300,2100,1500
4,86,527,2477,1239,671,103,106,10492,12395,1492,2500,0,0,0,3000
5,2477,1504,671,527,1239,10492,198,1492,106,12395,731,0,507,731,731
3,671,1504,1239,527,2477,1492,198,12395,106,10492,1600,0,1828,1828,0
1,1239,1504,671,527,2477,12395,198,1492,106,10492,731,0,507,731,731
2,1504,1239,671,527,2477,198,12395,1492,106,10492,0,1828,1600,1828,1828
1,66,86,2477,527,671,1777,103,10492,106,1492,765,567,683,683,507
5,86,1504,671,527,1239,103,198,1492,106,12395,1500,0,1600,1828,1828
4,0,854,63,2725,671,5333,263,1050,3107,1492,488,0,488,549,507
3,63,946,2725,0,3610,1050,236,3107,5333,5189,651,0,425,651,631
1,1239,527,2477,86,671,12395,106,10492,103,1492,0,0,0,834,1146
3,63,854,2725,0,527,1050,263,3107,5333,106,1404,0,1204,1404,0
3,63,854,2725,0,946,1050,263,3107,5333,236,488,0,549,488,425
2,86,1239,2477,527,63,103,12395,10492,106,1050,567,683,683,683,488
1,1239,86,2477,527,2287,12395,103,10492,106,1420,683,567,683,683,755
2,1730,3153,1184,526,86,15564,6816,228,3918,103,290,290,399,505,567
1,3153,1730,1184,526,1188,6816,15564,228,3918,3200,290,290,399,505,859
2,3153,1730,1184,526,1188,6816,15564,228,3918,3200,900,900,1188,1528,2492
5,1188,3153,1184,526,1730,3200,6816,228,3918,15564,2492,900,1188,1528,900
2,1331,1325,45,384,3153,9861,30295,111,551,6816,0,1120,768,768,724
3,155,467,3610,442,63,529,0,5189,457,1050,844,0,648,1464,1404
5,3610,772,7024,1309,20452,5189,1424,12895,2066,83361,648,0,668,1008,2296
5,10325,45,1325,384,2209,37322,111,30295,551,2410,360,290,360,290,280
1,3708,347,483,1622,384,6001,431,884,7598,551,813,0,569,715,290
3,2109,578,2932,1556,1188,1759,105,2181,434,3200,876,692,0,1332,0
3,0,135,1817,4160,2109,697,169,1498,19515,1759,293,293,0,369,289
4,3479,1817,0,4160,2473,27106,1498,697,19515,1131,1144,0,928,1144,2080
5,574,3210,165,995,1491,593,3884,437,1513,8362,0,0,1564,1900,0
1,2925,6330,1645,1000,3400,4548,11383,7010,665,17619,0,0,594,594,819
2,6330,2925,1645,1000,3400,11383,4548,7010,665,17619,0,0,594,594,819
1,1587,2925,6330,1000,1645,73970,4548,11383,665,7010,4631,0,0,594,594
4,1000,2925,6330,1587,1645,665,4548,11383,73970,7010,594,0,0,4631,594
5,2925,646,1760,1813,2274,4548,194,14651,2566,8347,0,0,0,1500,0
3,1760,646,2274,1813,927,14651,194,8347,2566,2632,0,0,0,1500,2380
4,1813,646,1760,2274,927,2566,194,14651,8347,2632,600,0,0,0,736
3,1760,646,2274,1813,927,14651,194,8347,2566,2632,0,0,0,600,736
3,1760,646,2274,1813,927,14651,194,8347,2566,2632,0,0,0,600,736
4,1813,646,1760,2274,927,2566,194,14651,8347,2632,600,0,0,0,736
2,854,2725,63,0,646,263,3107,1050,5333,194,0,549,488,488,0
5,63,946,854,3610,2725,1050,236,263,5189,3107,2088,960,1204,1676,0
4,3610,946,854,2725,63,5189,236,263,3107,1050,1676,960,1204,0,2088
1,898,2725,854,946,3610,56296,3107,263,236,5189,976,0,549,425,668
4,388,148,6438,2121,2725,252,3677,77335,41669,3107,836,0,0,0,0
1,2121,148,6438,388,1556,41669,3677,77335,252,434,0,0,0,836,1064
1,1491,129,234,3210,148,8362,79,261,3884,3677,2860,0,2392,2860,0
3,234,129,1491,3210,2040,261,79,8362,3884,2124,2392,0,2860,2860,3600
4,678,109,0,1563,4054,1653,555,1080,1184,2456,1208,0,0,1208,0
3,350,585,3610,84,678,1083,781,5189,809,1653,0,0,646,848,327
4,1000,6330,1645,2925,350,665,11383,7010,4548,1083,594,0,594,0,0
3,1645,6330,2925,1000,3400,7010,11383,4548,665,17619,594,0,0,594,819
2,6330,2925,1645,1000,3400,11383,4548,7010,665,17619,0,0,1200,1200,1900
3,1645,6330,2925,1000,3400,7010,11383,4548,665,17619,1200,0,0,1200,1900
1,2773,85,733,1381,380,4402,0,5931,1629,4508,0,0,0,684,684
5,1324,62,35,554,602,2309,916,185,2979,1142,1180,0,1932,2420,0
2,456,2952,176,625,602,0,4534,4754,577,1142,0,0,0,1144,0
1,2952,456,176,625,1424,4534,0,4754,577,1132,0,0,0,1144,2068
4,4054,799,0,661,2925,2456,937,45,1250,4548,696,0,0,0,0
3,0,799,661,4054,5190,45,937,1250,2456,59651,0,0,0,2000,2000
5,799,629,1044,1622,834,937,779,4743,7598,1250,0,0,0,708,0
1,834,629,1044,1622,1817,1250,779,4743,7598,1498,0,0,0,708,882
1,834,629,1044,1622,1817,1250,779,4743,7598,1498,0,0,0,708,882
5,1817,629,1044,1622,834,1498,779,4743,7598,1250,882,0,0,708,0
1,834,629,1044,575,1491,1250,779,4743,104,690,393,393,393,762,283
1,4160,629,834,1044,575,19515,779,1250,4743,104,1290,393,393,393,762
4,2932,1548,1491,1028,629,2181,12008,690,4333,779,407,0,265,0,393
2,1774,1223,77,867,4054,1950,42422,195,197,2456,0,743,394,334,0
1,4054,799,0,661,1774,2456,937,45,1250,1950,696,0,0,0,0
2,799,661,0,4054,5190,937,1250,45,2456,59651,0,0,0,696,696
2,799,661,0,4054,5190,937,1250,45,2456,59651,0,0,0,2000,2000
1,661,799,0,4054,5190,1250,937,45,2456,59651,0,0,0,696,696
3,0,799,661,4054,5190,45,937,1250,2456,59651,0,0,0,696,696
5,1247,5190,163,54,4054,4727,59651,1310,1601,2456,388,0,388,388,0
3,1028,2932,2109,1556,646,4333,2181,1759,434,194,1976,876,0,1896,0
2,629,834,1044,575,646,779,1250,4743,104,194,393,393,393,762,0
4,1622,629,1044,834,575,7598,779,4743,1250,104,2392,0,0,0,2000
5,1817,629,1044,1622,834,1498,779,4743,7598,1250,2996,0,0,2392,0
1,2925,6330,1645,1000,3400,4548,11383,7010,665,17619,0,0,594,594,819
2,6330,2925,1645,1000,3400,11383,4548,7010,665,17619,0,0,594,594,819
1,2925,6330,1645,1000,3400,4548,11383,7010,665,17619,0,0,1200,1200,1900
3,1645,6330,2925,1000,3400,7010,11383,4548,665,17619,1200,0,0,1200,1900
1,2925,6330,1645,1000,3400,4548,11383,7010,665,17619,0,0,594,594,819
3,1645,6330,2925,1000,3400,7010,11383,4548,665,17619,594,0,0,594,819
4,379,105,77,3418,4054,225,70,195,6650,2456,0,0,0,0,0
5,1506,2199,552,36,2677,632,9420,3932,276,9375,388,300,496,354,300
5,1506,2199,552,36,2677,632,9420,3932,276,9375,388,300,496,354,300
3,2449,2199,2677,1506,36,6044,9420,9375,632,276,2076,724,724,1312,1736
5,2199,1504,671,527,1239,9420,198,1492,106,12395,724,0,1600,1828,1828
5,2477,1504,671,527,1239,10492,198,1492,106,12395,1828,0,1600,1828,1828
2,629,834,1044,1622,671,779,1250,4743,7598,1492,0,0,0,2392,1600
3,1044,629,834,1622,1817,4743,779,1250,7598,1498,0,0,0,2392,2996
3,77,105,3418,379,449,195,70,6650,225,349,0,0,0,0,900
3,1491,81,1028,1548,379,690,491,4333,12008,225,0,0,888,888,0
2,86,1239,2477,527,1491,103,12395,10492,106,690,1500,1756,1756,1756,0
4,527,86,2477,1239,2287,106,103,10492,12395,1420,1756,1500,1756,1756,2556
2,527,1239,2477,86,2287,106,12395,10492,103,1420,0,0,0,2500,2556
4,575,629,1044,834,843,104,779,4743,1250,3536,762,393,393,393,762
1,1506,36,2677,2199,629,632,276,9375,9420,779,488,0,458,458,0
2,36,2677,2199,1506,2322,276,9375,9420,632,867,0,458,458,488,559
4,36,2199,552,2677,1506,276,9420,3932,9375,632,1064,892,1860,892,1436
1,2677,2199,552,36,1506,9375,9420,3932,276,632,892,892,1860,1064,1120
4,2932,1548,1491,1028,3610,2181,12008,690,4333,5189,1412,0,888,0,648
4,2932,1548,1491,1028,1556,2181,12008,690,4333,434,1412,0,888,0,1816
1,1028,81,1491,1548,2932,4333,491,690,12008,2181,414,197,197,414,407
2,1028,1959,1548,1491,1556,4333,858,12008,690,434,0,796,0,265,618
5,1247,5190,163,54,4054,4727,59651,1310,1601,2456,388,0,388,388,0
1,2932,1028,1548,1491,6330,2181,4333,12008,690,11383,407,0,0,265,0
3,1645,6330,2925,1000,3400,7010,11383,4548,665,17619,594,0,0,594,819
5,3400,6330,1645,1000,2925,17619,11383,7010,665,4548,819,0,594,594,0
3,1645,6330,2925,1000,3400,7010,11383,4548,665,17619,594,0,0,594,819
5,3400,6330,1645,1000,2925,17619,11383,7010,665,4548,819,0,594,594,0
5,3400,6330,1645,1000,2925,17619,11383,7010,665,4548,1900,0,1200,1200,0
1,2925,6330,1645,1000,3400,4548,11383,7010,665,17619,0,0,1200,1200,1900
5,5190,799,0,4054,661,59651,937,45,2456,1250,2000,0,0,2000,0
3,0,799,661,4054,5190,45,937,1250,2456,59651,0,0,0,2000,2000
1,1223,799,0,661,4054,42422,937,45,1250,2456,1232,0,0,0,696
2,799,661,0,4054,5190,937,1250,45,2456,59651,0,0,0,2000,2000
2,560,869,1689,3375,96,2100,214,6187,17328,1841,0,0,0,1300,2216
4,2322,1220,903,7024,1689,867,18568,735,12895,6187,702,526,562,752,0
5,1192,903,1309,2322,1220,2578,735,2066,867,18568,742,562,708,702,526
5,1792,678,254,360,1563,2677,1653,3056,100,1184,556,0,0,556,0
3,1309,2322,1220,7024,36,2066,867,18568,12895,276,2012,0,812,2200,2036
1,824,155,1148,442,1265,319,529,1063,457,315,0,0,924,924,924
3,0,109,1563,678,254,1080,555,1184,1653,3056,0,0,1208,1208,1208
1,1424,4054,5190,163,678,1132,2456,59651,1310,1653,2460,0,0,1264,1208
4,163,4054,5190,1223,54,1310,2456,59651,42422,1601,1264,0,0,1700,1264
4,1324,1192,2201,4406,4054,2309,2578,30672,10446,2456,3400,1400,1400,1200,0
3,1614,113,415,1314,4406,1645,0,206,6220,10446,0,0,0,1140,1200
1,898,113,1614,1314,1645,56296,0,1645,6220,590,1560,0,0,1140,1124
1,4054,895,3830,619,620,2456,0,7566,1542,1827,2412,0,0,480,480
1,4054,895,3830,619,620,2456,0,7566,1542,1827,2412,0,0,480,480
1,3289,86,2477,527,3375,9748,103,10492,106,17328,1416,567,683,683,424
5,2287,86,2477,527,1239,1420,103,10492,106,12395,755,567,683,683,683
3,1188,1463,1190,842,86,3200,2508,1597,956,103,1008,408,0,1044,1500
3,2274,108,1813,646,1463,8347,590,2566,194,2508,1400,0,0,1400,408
1,1000,1645,2925,6330,646,665,7010,4548,11383,194,0,0,594,594,600
3,1645,1000,2925,6330,483,7010,665,4548,11383,884,0,0,594,594,935
1,720,449,77,379,1000,107,349,195,225,665,0,568,1320,1320,0
2,591,507,322,2001,449,423,0,1712,4634,349,0,0,510,510,221
3,1186,1331,1325,1090,322,4104,9861,30295,6583,1712,1084,1068,1260,1084,1708
3,262,1959,2121,1491,1331,5344,858,41669,690,9861,0,0,966,667,320
5,1556,262,294,1491,1959,434,5344,1043,690,858,750,0,622,667,0
3,2469,106,7024,2705,20452,17977,327,12895,89841,83361,301,202,202,362,362
1,2705,1309,7024,772,2322,89841,2066,12895,1424,867,2228,0,836,1008,2012
1,1792,456,702,360,1309,2677,0,792,100,2066,586,586,702,586,0
5,388,456,1792,360,2932,252,0,2677,100,2181,702,586,586,586,887
4,3400,27,1668,2701,4409,17619,120,10866,4208,19541,1400,0,0,0,1400
2,1938,508,382,974,2701,5322,4824,1172,572,4208,0,0,2200,1800,0
2,403,3708,1622,2473,347,40,6001,7598,1131,431,0,1012,0,2496,2300
3,1622,403,4160,3708,2473,7598,40,19515,6001,1131,0,0,687,350,646
5,2473,3708,1622,347,403,1131,6001,7598,431,40,857,0,350,813,350
3,2449,2199,2677,1506,36,6044,9420,9375,632,276,1700,0,0,884,0
4,1506,2199,2449,2677,36,632,9420,6044,9375,276,884,0,1700,0,1308
3,552,2199,2677,36,1506,3932,9420,9375,276,632,496,300,300,354,311
4,36,2199,552,2677,1506,276,9420,3932,9375,632,354,300,496,300,388
3,2677,36,1506,2199,322,9375,276,632,9420,1712,1256,1056,748,1256,1976
4,36,2199,552,2677,322,276,9420,3932,9375,1712,354,300,496,300,584
1,2677,2199,552,36,1506,9375,9420,3932,276,632,300,300,496,354,388
2,2199,2677,2449,1506,36,9420,9375,6044,632,276,0,0,1700,884,1064
5,2449,2677,2199,36,1506,6044,9375,9420,276,632,625,254,254,616,477
5,36,2199,2449,1506,2677,276,9420,6044,632,9375,1736,0,1700,884,0
5,2677,799,0,661,1223,9375,937,45,1250,42422,0,0,0,0,1232
3,0,799,661,4054,5190,45,937,1250,2456,59651,0,0,0,2000,2000
1,661,799,0,4054,5190,1250,937,45,2456,59651,0,0,0,2000,2000
5,5190,799,0,4054,661,59651,937,45,2456,1250,2000,0,0,2000,0
3,1188,842,67,2705,20452,3200,956,2329,89841,83361,143,0,0,234,234
1,67,842,1188,2705,20452,2329,956,3200,89841,83361,0,0,476,784,784
3,7024,106,2469,2705,842,12895,327,17977,89841,956,672,672,1004,1208,0
4,2469,106,7024,2705,20452,17977,327,12895,89841,83361,1004,672,672,1208,1208
4,2705,598,2469,7024,20452,89841,429,17977,12895,83361,349,0,324,398,362
5,20452,598,2469,2705,7024,83361,429,17977,89841,12895,349,0,324,349,398
2,598,2469,401,2705,20452,429,17977,4547,89841,83361,0,1080,1164,1164,1164
3,401,598,2469,2705,20452,4547,429,17977,89841,83361,1164,0,1080,1164,1164
3,2705,401,2469,20452,842,89841,4547,17977,83361,956,556,556,0,556,1308
4,20452,401,2705,2469,842,83361,4547,89841,17977,956,556,556,556,0,820
4,2477,1504,671,527,1239,10492,198,1492,106,12395,731,0,507,731,731
1,1239,527,2477,86,671,12395,106,10492,103,1492,0,0,0,2500,3000
2,1504,1911,671,527,86,198,686,1492,106,103,0,964,507,731,567
2,1504,1239,671,527,2477,198,12395,1492,106,10492,0,1828,1600,1828,1828
5,2473,403,1622,347,3708,1131,40,7598,431,6001,2496,740,740,2100,552
2,403,3708,1622,347,2473,40,6001,7598,431,1131,740,552,740,2100,3068
4,347,403,1622,3708,2473,431,40,7598,6001,1131,2300,1012,1012,0,3068
4,347,403,1622,3708,629,431,40,7598,6001,779,2300,1012,1012,0,2996
4,4054,799,0,661,5190,2456,937,45,1250,59651,2000,0,0,0,2000
4,661,799,0,3708,4054,1250,937,45,6001,2456,0,0,0,1345,696
4,661,799,0,4054,5190,1250,937,45,2456,59651,0,0,0,696,696
5,5190,799,0,661,4409,59651,937,45,1250,19541,696,0,0,0,1013
2,799,661,0,4054,5190,937,1250,45,2456,59651,0,0,0,2000,2000
4,1000,6330,1645,2925,3400,665,11383,7010,4548,17619,594,0,594,0,819
3,1645,6330,2925,1000,3400,7010,11383,4548,665,17619,594,0,0,594,819
1,4054,5190,163,54,6330,2456,59651,1310,1601,11383,0,0,388,388,0
5,1247,5190,163,54,4054,4727,59651,1310,1601,2456,388,0,388,388,0
5,1247,5190,163,54,4054,4727,59651,1310,1601,2456,388,0,388,388,0
5,5190,324,2304,666,2705,59651,6322,8249,1355,89841,0,0,0,660,2225
3,2477,527,1239,86,84,10492,106,12395,103,809,0,0,0,2500,1000
1,959,60,309,1991,527,5877,26,2546,10068,106,0,0,0,0,0
3,309,60,1325,959,1991,2546,26,30295,5877,10068,0,0,1273,0,0
5,3961,90,709,84,148,6340,22,269,809,2754,0,0,0,0,0
1,4358,91,889,1199,84,16200,401,480,13735,809,169,169,560,560,0
5,1381,91,889,1199,4358,1629,401,480,13735,16200,743,169,560,560,169
1,889,1199,4358,267,2939,480,13735,16200,3670,2361,0,0,1424,2544,2544
4,267,1199,4358,889,2939,3670,13735,16200,480,2361,2544,0,1424,0,2544
2,1345,803,58,231,2063,6319,1587,189,2347,3878,0,0,1668,2876,2876
4,2473,403,1622,3708,1345,1131,40,7598,6001,6319,2496,0,0,1012,0
3,148,90,709,84,3961,2754,22,269,809,6340,0,0,0,0,0
2,610,262,436,368,84,47,930,885,3797,809,0,0,0,700,0