id,alt,chosen,TT,TC
1,1,0,23,6
1,2,0,27,4
1,3,1,35,3
2,1,0,27,5
2,2,1,35,4
2,3,0,23,6
3,1,1,35,3
3,2,0,23,5
3,3,0,31,4
4,1,0,27,4
4,2,0,23,5
4,3,1,35,3
5,1,1,35,3
5,2,0,27,6
5,3,0,31,5
6,1,0,23,6
6,2,0,27,5
6,3,1,35,3
7,1,1,35,3
7,2,0,31,5
7,3,0,23,6
8,1,0,27,5
8,2,0,23,6
8,3,1,31,3
9,1,1,35,3
9,2,0,31,4
9,3,0,27,6
10,1,0,23,6
10,2,0,27,4
10,3,1,31,3
11,1,1,23,6
11,2,0,27,4
11,3,0,35,3
12,1,1,27,5
12,2,0,35,4
12,3,0,23,6
13,1,1,35,3
13,2,0,23,5
13,3,0,31,4
14,1,0,27,4
14,2,0,23,5
14,3,1,35,3
15,1,1,35,3
15,2,0,27,6
15,3,0,31,5
16,1,0,23,6
16,2,0,27,5
16,3,1,35,3
17,1,1,35,3
17,2,0,31,5
17,3,0,23,6
18,1,0,27,5
18,2,0,23,6
18,3,1,31,3
19,1,1,35,3
19,2,0,31,4
19,3,0,27,6
20,1,0,23,6
20,2,0,27,4
20,3,1,31,3
21,1,0,23,6
21,2,0,27,4
21,3,1,35,3
22,1,0,27,5
22,2,1,35,4
22,3,0,23,6
23,1,1,35,3
23,2,0,23,5
23,3,0,31,4
24,1,0,27,4
24,2,0,23,5
24,3,1,35,3
25,1,1,35,3
25,2,0,27,6
25,3,0,31,5
26,1,0,23,6
26,2,0,27,5
26,3,1,35,3
27,1,1,35,3
27,2,0,31,5
27,3,0,23,6
28,1,0,27,5
28,2,0,23,6
28,3,1,31,3
29,1,1,35,3
29,2,0,31,4
29,3,0,27,6
30,1,0,23,6
30,2,0,27,4
30,3,1,31,3
31,1,0,23,6
31,2,0,27,4
31,3,1,35,3
32,1,0,27,5
32,2,1,35,4
32,3,0,23,6
33,1,1,35,3
33,2,0,23,5
33,3,0,31,4
34,1,0,27,4
34,2,0,23,5
34,3,1,35,3
35,1,1,35,3
35,2,0,27,6
35,3,0,31,5
36,1,0,23,6
36,2,0,27,5
36,3,1,35,3
37,1,1,35,3
37,2,0,31,5
37,3,0,23,6
38,1,0,27,5
38,2,0,23,6
38,3,1,31,3
39,1,1,35,3
39,2,0,31,4
39,3,0,27,6
40,1,0,23,6
40,2,0,27,4
40,3,1,31,3
41,1,0,23,6
41,2,0,27,4
41,3,1,35,3
42,1,0,27,5
42,2,1,35,4
42,3,0,23,6
43,1,1,35,3
43,2,0,23,5
43,3,0,31,4
44,1,0,27,4
44,2,0,23,5
44,3,1,35,3
45,1,1,35,3
45,2,0,27,6
45,3,0,31,5
46,1,0,23,6
46,2,0,27,5
46,3,1,35,3
47,1,1,35,3
47,2,0,31,5
47,3,0,23,6
48,1,0,27,5
48,2,0,23,6
48,3,1,31,3
49,1,1,35,3
49,2,0,31,4
49,3,0,27,6
50,1,0,23,6
50,2,0,27,4
50,3,1,31,3
51,1,0,23,6
51,2,1,27,4
51,3,0,35,3
52,1,0,27,5
52,2,1,35,4
52,3,0,23,6
53,1,0,35,3
53,2,1,23,5
53,3,0,31,4
54,1,0,27,4
54,2,1,23,5
54,3,0,35,3
55,1,0,35,3
55,2,0,27,6
55,3,1,31,5
56,1,0,23,6
56,2,0,27,5
56,3,1,35,3
57,1,0,35,3
57,2,1,31,5
57,3,0,23,6
58,1,1,27,5
58,2,0,23,6
58,3,0,31,3
59,1,1,35,3
59,2,0,31,4
59,3,0,27,6
60,1,0,23,6
60,2,1,27,4
60,3,0,31,3
61,1,0,23,6
61,2,1,27,4
61,3,0,35,3
62,1,0,27,5
62,2,1,35,4
62,3,0,23,6
63,1,0,35,3
63,2,1,23,5
63,3,0,31,4
64,1,0,27,4
64,2,1,23,5
64,3,0,35,3
65,1,1,35,3
65,2,0,27,6
65,3,0,31,5
66,1,0,23,6
66,2,0,27,5
66,3,1,35,3
67,1,1,35,3
67,2,0,31,5
67,3,0,23,6
68,1,0,27,5
68,2,0,23,6
68,3,1,31,3
69,1,0,35,3
69,2,1,31,4
69,3,0,27,6
70,1,0,23,6
70,2,0,27,4
70,3,1,31,3
71,1,1,23,6
71,2,0,27,4
71,3,0,35,3
72,1,1,27,5
72,2,0,35,4
72,3,0,23,6
73,1,1,35,3
73,2,0,23,5
73,3,0,31,4
74,1,0,27,4
74,2,0,23,5
74,3,1,35,3
75,1,1,35,3
75,2,0,27,6
75,3,0,31,5
76,1,0,23,6
76,2,0,27,5
76,3,1,35,3
77,1,1,35,3
77,2,0,31,5
77,3,0,23,6
78,1,0,27,5
78,2,0,23,6
78,3,1,31,3
79,1,1,35,3
79,2,0,31,4
79,3,0,27,6
80,1,0,23,6
80,2,0,27,4
80,3,1,31,3
81,1,0,23,6
81,2,1,27,4
81,3,0,35,3
82,1,0,27,5
82,2,1,35,4
82,3,0,23,6
83,1,0,35,3
83,2,1,23,5
83,3,0,31,4
84,1,1,27,4
84,2,0,23,5
84,3,0,35,3
85,1,1,35,3
85,2,0,27,6
85,3,0,31,5
86,1,1,23,6
86,2,0,27,5
86,3,0,35,3
87,1,0,35,3
87,2,0,31,5
87,3,1,23,6
88,1,1,27,5
88,2,0,23,6
88,3,0,31,3
89,1,0,35,3
89,2,1,31,4
89,3,0,27,6
90,1,0,23,6
90,2,1,27,4
90,3,0,31,3
91,1,0,23,6
91,2,1,27,4
91,3,0,35,3
92,1,1,27,5
92,2,0,35,4
92,3,0,23,6
93,1,0,35,3
93,2,1,23,5
93,3,0,31,4
94,1,1,27,4
94,2,0,23,5
94,3,0,35,3
95,1,0,35,3
95,2,0,27,6
95,3,1,31,5
96,1,0,23,6
96,2,1,27,5
96,3,0,35,3
97,1,0,35,3
97,2,0,31,5
97,3,1,23,6
98,1,1,27,5
98,2,0,23,6
98,3,0,31,3
99,1,0,35,3
99,2,1,31,4
99,3,0,27,6
100,1,0,23,6
100,2,1,27,4
100,3,0,31,3
101,1,1,23,6
101,2,0,27,4
101,3,0,35,3
102,1,0,27,5
102,2,0,35,4
102,3,1,23,6
103,1,0,35,3
103,2,1,23,5
103,3,0,31,4
104,1,0,27,4
104,2,1,23,5
104,3,0,35,3
105,1,0,35,3
105,2,1,27,6
105,3,0,31,5
106,1,1,23,6
106,2,0,27,5
106,3,0,35,3
107,1,0,35,3
107,2,0,31,5
107,3,1,23,6
108,1,0,27,5
108,2,1,23,6
108,3,0,31,3
109,1,0,35,3
109,2,0,31,4
109,3,1,27,6
110,1,1,23,6
110,2,0,27,4
110,3,0,31,3
111,1,0,23,6
111,2,1,27,4
111,3,0,35,3
112,1,1,27,5
112,2,0,35,4
112,3,0,23,6
113,1,0,35,3
113,2,0,23,5
113,3,1,31,4
114,1,1,27,4
114,2,0,23,5
114,3,0,35,3
115,1,0,35,3
115,2,0,27,6
115,3,1,31,5
116,1,0,23,6
116,2,1,27,5
116,3,0,35,3
117,1,0,35,3
117,2,1,31,5
117,3,0,23,6
118,1,1,27,5
118,2,0,23,6
118,3,0,31,3
119,1,0,35,3
119,2,1,31,4
119,3,0,27,6
120,1,0,23,6
120,2,1,27,4
120,3,0,31,3
121,1,1,23,6
121,2,0,27,4
121,3,0,35,3
122,1,0,27,5
122,2,0,35,4
122,3,1,23,6
123,1,0,35,3
123,2,1,23,5
123,3,0,31,4
124,1,0,27,4
124,2,1,23,5
124,3,0,35,3
125,1,0,35,3
125,2,1,27,6
125,3,0,31,5
126,1,1,23,6
126,2,0,27,5
126,3,0,35,3
127,1,0,35,3
127,2,0,31,5
127,3,1,23,6
128,1,0,27,5
128,2,1,23,6
128,3,0,31,3
129,1,0,35,3
129,2,0,31,4
129,3,1,27,6
130,1,1,23,6
130,2,0,27,4
130,3,0,31,3
131,1,0,23,6
131,2,1,27,4
131,3,0,35,3
132,1,0,27,5
132,2,0,35,4
132,3,1,23,6
133,1,0,35,3
133,2,1,23,5
133,3,0,31,4
134,1,1,27,4
134,2,0,23,5
134,3,0,35,3
135,1,0,35,3
135,2,1,27,6
135,3,0,31,5
136,1,0,23,6
136,2,1,27,5
136,3,0,35,3
137,1,0,35,3
137,2,0,31,5
137,3,1,23,6
138,1,1,27,5
138,2,0,23,6
138,3,0,31,3
139,1,0,35,3
139,2,1,31,4
139,3,0,27,6
140,1,0,23,6
140,2,1,27,4
140,3,0,31,3
141,1,0,23,6
141,2,1,27,4
141,3,0,35,3
142,1,1,27,5
142,2,0,35,4
142,3,0,23,6
143,1,0,35,3
143,2,1,23,5
143,3,0,31,4
144,1,1,27,4
144,2,0,23,5
144,3,0,35,3
145,1,1,35,3
145,2,0,27,6
145,3,0,31,5
146,1,0,23,6
146,2,1,27,5
146,3,0,35,3
147,1,1,35,3
147,2,0,31,5
147,3,0,23,6
148,1,0,27,5
148,2,0,23,6
148,3,1,31,3
149,1,1,35,3
149,2,0,31,4
149,3,0,27,6
150,1,0,23,6
150,2,1,27,4
150,3,0,31,3
151,1,0,23,6
151,2,1,27,4
151,3,0,35,3
152,1,0,27,5
152,2,0,35,4
152,3,1,23,6
153,1,0,35,3
153,2,1,23,5
153,3,0,31,4
154,1,0,27,4
154,2,1,23,5
154,3,0,35,3
155,1,1,35,3
155,2,0,27,6
155,3,0,31,5
156,1,0,23,6
156,2,1,27,5
156,3,0,35,3
157,1,0,35,3
157,2,0,31,5
157,3,1,23,6
158,1,0,27,5
158,2,0,23,6
158,3,1,31,3
159,1,0,35,3
159,2,1,31,4
159,3,0,27,6
160,1,0,23,6
160,2,1,27,4
160,3,0,31,3
161,1,0,23,6
161,2,1,27,4
161,3,0,35,3
162,1,1,27,5
162,2,0,35,4
162,3,0,23,6
163,1,0,35,3
163,2,0,23,5
163,3,1,31,4
164,1,1,27,4
164,2,0,23,5
164,3,0,35,3
165,1,0,35,3
165,2,0,27,6
165,3,1,31,5
166,1,0,23,6
166,2,1,27,5
166,3,0,35,3
167,1,1,35,3
167,2,0,31,5
167,3,0,23,6
168,1,1,27,5
168,2,0,23,6
168,3,0,31,3
169,1,0,35,3
169,2,1,31,4
169,3,0,27,6
170,1,0,23,6
170,2,1,27,4
170,3,0,31,3
171,1,1,23,6
171,2,0,27,4
171,3,0,35,3
172,1,0,27,5
172,2,0,35,4
172,3,1,23,6
173,1,0,35,3
173,2,1,23,5
173,3,0,31,4
174,1,0,27,4
174,2,1,23,5
174,3,0,35,3
175,1,1,35,3
175,2,0,27,6
175,3,0,31,5
176,1,0,23,6
176,2,0,27,5
176,3,1,35,3
177,1,0,35,3
177,2,0,31,5
177,3,1,23,6
178,1,0,27,5
178,2,0,23,6
178,3,1,31,3
179,1,1,35,3
179,2,0,31,4
179,3,0,27,6
180,1,0,23,6
180,2,0,27,4
180,3,1,31,3
181,1,1,23,6
181,2,0,27,4
181,3,0,35,3
182,1,0,27,5
182,2,1,35,4
182,3,0,23,6
183,1,0,35,3
183,2,0,23,5
183,3,1,31,4
184,1,1,27,4
184,2,0,23,5
184,3,0,35,3
185,1,0,35,3
185,2,1,27,6
185,3,0,31,5
186,1,0,23,6
186,2,0,27,5
186,3,1,35,3
187,1,1,35,3
187,2,0,31,5
187,3,0,23,6
188,1,0,27,5
188,2,1,23,6
188,3,0,31,3
189,1,0,35,3
189,2,1,31,4
189,3,0,27,6
190,1,0,23,6
190,2,1,27,4
190,3,0,31,3
191,1,0,23,6
191,2,0,27,4
191,3,1,35,3
192,1,0,27,5
192,2,1,35,4
192,3,0,23,6
193,1,0,35,3
193,2,0,23,5
193,3,1,31,4
194,1,0,27,4
194,2,0,23,5
194,3,1,35,3
195,1,1,35,3
195,2,0,27,6
195,3,0,31,5
196,1,0,23,6
196,2,0,27,5
196,3,1,35,3
197,1,1,35,3
197,2,0,31,5
197,3,0,23,6
198,1,0,27,5
198,2,0,23,6
198,3,1,31,3
199,1,0,35,3
199,2,1,31,4
199,3,0,27,6
200,1,0,23,6
200,2,0,27,4
200,3,1,31,3
201,1,0,23,6
201,2,0,27,4
201,3,1,35,3
202,1,0,27,5
202,2,1,35,4
202,3,0,23,6
203,1,1,35,3
203,2,0,23,5
203,3,0,31,4
204,1,0,27,4
204,2,0,23,5
204,3,1,35,3
205,1,1,35,3
205,2,0,27,6
205,3,0,31,5
206,1,0,23,6
206,2,0,27,5
206,3,1,35,3
207,1,1,35,3
207,2,0,31,5
207,3,0,23,6
208,1,0,27,5
208,2,0,23,6
208,3,1,31,3
209,1,1,35,3
209,2,0,31,4
209,3,0,27,6
210,1,0,23,6
210,2,0,27,4
210,3,1,31,3
211,1,0,23,6
211,2,1,27,4
211,3,0,35,3
212,1,1,27,5
212,2,0,35,4
212,3,0,23,6
213,1,0,35,3
213,2,1,23,5
213,3,0,31,4
214,1,1,27,4
214,2,0,23,5
214,3,0,35,3
215,1,1,35,3
215,2,0,27,6
215,3,0,31,5
216,1,0,23,6
216,2,0,27,5
216,3,1,35,3
217,1,1,35,3
217,2,0,31,5
217,3,0,23,6
218,1,0,27,5
218,2,0,23,6
218,3,1,31,3
219,1,1,35,3
219,2,0,31,4
219,3,0,27,6
220,1,0,23,6
220,2,0,27,4
220,3,1,31,3
221,1,1,23,6
221,2,0,27,4
221,3,0,35,3
222,1,1,27,5
222,2,0,35,4
222,3,0,23,6
223,1,0,35,3
223,2,1,23,5
223,3,0,31,4
224,1,0,27,4
224,2,1,23,5
224,3,0,35,3
225,1,0,35,3
225,2,0,27,6
225,3,1,31,5
226,1,0,23,6
226,2,1,27,5
226,3,0,35,3
227,1,0,35,3
227,2,1,31,5
227,3,0,23,6
228,1,1,27,5
228,2,0,23,6
228,3,0,31,3
229,1,0,35,3
229,2,1,31,4
229,3,0,27,6
230,1,0,23,6
230,2,1,27,4
230,3,0,31,3
231,1,0,23,6
231,2,1,27,4
231,3,0,35,3
232,1,0,27,5
232,2,0,35,4
232,3,1,23,6
233,1,0,35,3
233,2,1,23,5
233,3,0,31,4
234,1,0,27,4
234,2,1,23,5
234,3,0,35,3
235,1,0,35,3
235,2,1,27,6
235,3,0,31,5
236,1,1,23,6
236,2,0,27,5
236,3,0,35,3
237,1,0,35,3
237,2,0,31,5
237,3,1,23,6
238,1,0,27,5
238,2,0,23,6
238,3,1,31,3
239,1,0,35,3
239,2,1,31,4
239,3,0,27,6
240,1,0,23,6
240,2,1,27,4
240,3,0,31,3
241,1,1,23,6
241,2,0,27,4
241,3,0,35,3
242,1,0,27,5
242,2,0,35,4
242,3,1,23,6
243,1,0,35,3
243,2,1,23,5
243,3,0,31,4
244,1,0,27,4
244,2,1,23,5
244,3,0,35,3
245,1,0,35,3
245,2,1,27,6
245,3,0,31,5
246,1,1,23,6
246,2,0,27,5
246,3,0,35,3
247,1,0,35,3
247,2,0,31,5
247,3,1,23,6
248,1,0,27,5
248,2,1,23,6
248,3,0,31,3
249,1,0,35,3
249,2,1,31,4
249,3,0,27,6
250,1,0,23,6
250,2,0,27,4
250,3,1,31,3
251,1,0,23,6
251,2,1,27,4
251,3,0,35,3
252,1,1,27,5
252,2,0,35,4
252,3,0,23,6
253,1,0,35,3
253,2,0,23,5
253,3,1,31,4
254,1,1,27,4
254,2,0,23,5
254,3,0,35,3
255,1,0,35,3
255,2,0,27,6
255,3,1,31,5
256,1,0,23,6
256,2,1,27,5
256,3,0,35,3
257,1,0,35,3
257,2,1,31,5
257,3,0,23,6
258,1,1,27,5
258,2,0,23,6
258,3,0,31,3
259,1,0,35,3
259,2,1,31,4
259,3,0,27,6
260,1,0,23,6
260,2,1,27,4
260,3,0,31,3
261,1,0,23,6
261,2,1,27,4
261,3,0,35,3
262,1,1,27,5
262,2,0,35,4
262,3,0,23,6
263,1,1,35,3
263,2,0,23,5
263,3,0,31,4
264,1,0,27,4
264,2,0,23,5
264,3,1,35,3
265,1,1,35,3
265,2,0,27,6
265,3,0,31,5
266,1,0,23,6
266,2,0,27,5
266,3,1,35,3
267,1,1,35,3
267,2,0,31,5
267,3,0,23,6
268,1,0,27,5
268,2,0,23,6
268,3,1,31,3
269,1,1,35,3
269,2,0,31,4
269,3,0,27,6
270,1,0,23,6
270,2,0,27,4
270,3,1,31,3
271,1,1,23,6
271,2,0,27,4
271,3,0,35,3
272,1,0,27,5
272,2,0,35,4
272,3,1,23,6
273,1,0,35,3
273,2,1,23,5
273,3,0,31,4
274,1,0,27,4
274,2,1,23,5
274,3,0,35,3
275,1,0,35,3
275,2,1,27,6
275,3,0,31,5
276,1,1,23,6
276,2,0,27,5
276,3,0,35,3
277,1,0,35,3
277,2,0,31,5
277,3,1,23,6
278,1,0,27,5
278,2,1,23,6
278,3,0,31,3
279,1,0,35,3
279,2,0,31,4
279,3,1,27,6
280,1,1,23,6
280,2,0,27,4
280,3,0,31,3
281,1,1,23,6
281,2,0,27,4
281,3,0,35,3
282,1,0,27,5
282,2,0,35,4
282,3,1,23,6
283,1,0,35,3
283,2,1,23,5
283,3,0,31,4
284,1,0,27,4
284,2,1,23,5
284,3,0,35,3
285,1,0,35,3
285,2,1,27,6
285,3,0,31,5
286,1,1,23,6
286,2,0,27,5
286,3,0,35,3
287,1,0,35,3
287,2,0,31,5
287,3,1,23,6
288,1,0,27,5
288,2,1,23,6
288,3,0,31,3
289,1,0,35,3
289,2,0,31,4
289,3,1,27,6
290,1,1,23,6
290,2,0,27,4
290,3,0,31,3
291,1,1,23,6
291,2,0,27,4
291,3,0,35,3
292,1,0,27,5
292,2,0,35,4
292,3,1,23,6
293,1,0,35,3
293,2,1,23,5
293,3,0,31,4
294,1,1,27,4
294,2,0,23,5
294,3,0,35,3
295,1,0,35,3
295,2,1,27,6
295,3,0,31,5
296,1,1,23,6
296,2,0,27,5
296,3,0,35,3
297,1,0,35,3
297,2,0,31,5
297,3,1,23,6
298,1,0,27,5
298,2,1,23,6
298,3,0,31,3
299,1,0,35,3
299,2,0,31,4
299,3,1,27,6
300,1,1,23,6
300,2,0,27,4
300,3,0,31,3
301,1,0,23,6
301,2,1,27,4
301,3,0,35,3
302,1,1,27,5
302,2,0,35,4
302,3,0,23,6
303,1,0,35,3
303,2,0,23,5
303,3,1,31,4
304,1,1,27,4
304,2,0,23,5
304,3,0,35,3
305,1,0,35,3
305,2,1,27,6
305,3,0,31,5
306,1,0,23,6
306,2,1,27,5
306,3,0,35,3
307,1,0,35,3
307,2,0,31,5
307,3,1,23,6
308,1,1,27,5
308,2,0,23,6
308,3,0,31,3
309,1,0,35,3
309,2,0,31,4
309,3,1,27,6
310,1,0,23,6
310,2,1,27,4
310,3,0,31,3
311,1,0,23,6
311,2,0,27,4
311,3,1,35,3
312,1,0,27,5
312,2,1,35,4
312,3,0,23,6
313,1,1,35,3
313,2,0,23,5
313,3,0,31,4
314,1,0,27,4
314,2,0,23,5
314,3,1,35,3
315,1,1,35,3
315,2,0,27,6
315,3,0,31,5
316,1,0,23,6
316,2,0,27,5
316,3,1,35,3
317,1,1,35,3
317,2,0,31,5
317,3,0,23,6
318,1,0,27,5
318,2,0,23,6
318,3,1,31,3
319,1,1,35,3
319,2,0,31,4
319,3,0,27,6
320,1,0,23,6
320,2,0,27,4
320,3,1,31,3
321,1,0,23,6
321,2,1,27,4
321,3,0,35,3
322,1,1,27,5
322,2,0,35,4
322,3,0,23,6
323,1,0,35,3
323,2,1,23,5
323,3,0,31,4
324,1,1,27,4
324,2,0,23,5
324,3,0,35,3
325,1,1,35,3
325,2,0,27,6
325,3,0,31,5
326,1,0,23,6
326,2,1,27,5
326,3,0,35,3
327,1,0,35,3
327,2,1,31,5
327,3,0,23,6
328,1,1,27,5
328,2,0,23,6
328,3,0,31,3
329,1,0,35,3
329,2,1,31,4
329,3,0,27,6
330,1,0,23,6
330,2,1,27,4
330,3,0,31,3
331,1,0,23,6
331,2,1,27,4
331,3,0,35,3
332,1,0,27,5
332,2,0,35,4
332,3,1,23,6
333,1,0,35,3
333,2,1,23,5
333,3,0,31,4
334,1,0,27,4
334,2,1,23,5
334,3,0,35,3
335,1,0,35,3
335,2,1,27,6
335,3,0,31,5
336,1,1,23,6
336,2,0,27,5
336,3,0,35,3
337,1,0,35,3
337,2,0,31,5
337,3,1,23,6
338,1,0,27,5
338,2,1,23,6
338,3,0,31,3
339,1,0,35,3
339,2,1,31,4
339,3,0,27,6
340,1,0,23,6
340,2,1,27,4
340,3,0,31,3
341,1,0,23,6
341,2,1,27,4
341,3,0,35,3
342,1,0,27,5
342,2,0,35,4
342,3,1,23,6
343,1,0,35,3
343,2,1,23,5
343,3,0,31,4
344,1,1,27,4
344,2,0,23,5
344,3,0,35,3
345,1,1,35,3
345,2,0,27,6
345,3,0,31,5
346,1,0,23,6
346,2,0,27,5
346,3,1,35,3
347,1,0,35,3
347,2,0,31,5
347,3,1,23,6
348,1,0,27,5
348,2,0,23,6
348,3,1,31,3
349,1,0,35,3
349,2,1,31,4
349,3,0,27,6
350,1,0,23,6
350,2,0,27,4
350,3,1,31,3
351,1,0,23,6
351,2,1,27,4
351,3,0,35,3
352,1,1,27,5
352,2,0,35,4
352,3,0,23,6
353,1,0,35,3
353,2,1,23,5
353,3,0,31,4
354,1,1,27,4
354,2,0,23,5
354,3,0,35,3
355,1,1,35,3
355,2,0,27,6
355,3,0,31,5
356,1,0,23,6
356,2,1,27,5
356,3,0,35,3
357,1,1,35,3
357,2,0,31,5
357,3,0,23,6
358,1,1,27,5
358,2,0,23,6
358,3,0,31,3
359,1,0,35,3
359,2,1,31,4
359,3,0,27,6
360,1,0,23,6
360,2,1,27,4
360,3,0,31,3
361,1,0,23,6
361,2,1,27,4
361,3,0,35,3
362,1,0,27,5
362,2,0,35,4
362,3,1,23,6
363,1,0,35,3
363,2,0,23,5
363,3,1,31,4
364,1,1,27,4
364,2,0,23,5
364,3,0,35,3
365,1,0,35,3
365,2,1,27,6
365,3,0,31,5
366,1,0,23,6
366,2,1,27,5
366,3,0,35,3
367,1,0,35,3
367,2,0,31,5
367,3,1,23,6
368,1,1,27,5
368,2,0,23,6
368,3,0,31,3
369,1,0,35,3
369,2,1,31,4
369,3,0,27,6
370,1,0,23,6
370,2,1,27,4
370,3,0,31,3
371,1,1,23,6
371,2,0,27,4
371,3,0,35,3
372,1,0,27,5
372,2,0,35,4
372,3,1,23,6
373,1,0,35,3
373,2,1,23,5
373,3,0,31,4
374,1,0,27,4
374,2,1,23,5
374,3,0,35,3
375,1,0,35,3
375,2,1,27,6
375,3,0,31,5
376,1,1,23,6
376,2,0,27,5
376,3,0,35,3
377,1,0,35,3
377,2,0,31,5
377,3,1,23,6
378,1,0,27,5
378,2,1,23,6
378,3,0,31,3
379,1,0,35,3
379,2,0,31,4
379,3,1,27,6
380,1,1,23,6
380,2,0,27,4
380,3,0,31,3
381,1,0,23,6
381,2,1,27,4
381,3,0,35,3
382,1,0,27,5
382,2,1,35,4
382,3,0,23,6
383,1,0,35,3
383,2,0,23,5
383,3,1,31,4
384,1,0,27,4
384,2,0,23,5
384,3,1,35,3
385,1,1,35,3
385,2,0,27,6
385,3,0,31,5
386,1,0,23,6
386,2,0,27,5
386,3,1,35,3
387,1,1,35,3
387,2,0,31,5
387,3,0,23,6
388,1,0,27,5
388,2,0,23,6
388,3,1,31,3
389,1,1,35,3
389,2,0,31,4
389,3,0,27,6
390,1,0,23,6
390,2,0,27,4
390,3,1,31,3
391,1,0,23,6
391,2,1,27,4
391,3,0,35,3
392,1,1,27,5
392,2,0,35,4
392,3,0,23,6
393,1,0,35,3
393,2,1,23,5
393,3,0,31,4
394,1,0,27,4
394,2,1,23,5
394,3,0,35,3
395,1,0,35,3
395,2,0,27,6
395,3,1,31,5
396,1,0,23,6
396,2,1,27,5
396,3,0,35,3
397,1,0,35,3
397,2,1,31,5
397,3,0,23,6
398,1,1,27,5
398,2,0,23,6
398,3,0,31,3
399,1,0,35,3
399,2,1,31,4
399,3,0,27,6
400,1,0,23,6
400,2,1,27,4
400,3,0,31,3
401,1,0,23,6
401,2,1,27,4
401,3,0,35,3
402,1,1,27,5
402,2,0,35,4
402,3,0,23,6
403,1,1,35,3
403,2,0,23,5
403,3,0,31,4
404,1,1,27,4
404,2,0,23,5
404,3,0,35,3
405,1,1,35,3
405,2,0,27,6
405,3,0,31,5
406,1,0,23,6
406,2,1,27,5
406,3,0,35,3
407,1,0,35,3
407,2,1,31,5
407,3,0,23,6
408,1,1,27,5
408,2,0,23,6
408,3,0,31,3
409,1,1,35,3
409,2,0,31,4
409,3,0,27,6
410,1,0,23,6
410,2,1,27,4
410,3,0,31,3
411,1,0,23,6
411,2,1,27,4
411,3,0,35,3
412,1,1,27,5
412,2,0,35,4
412,3,0,23,6
413,1,0,35,3
413,2,1,23,5
413,3,0,31,4
414,1,1,27,4
414,2,0,23,5
414,3,0,35,3
415,1,0,35,3
415,2,1,27,6
415,3,0,31,5
416,1,0,23,6
416,2,1,27,5
416,3,0,35,3
417,1,0,35,3
417,2,1,31,5
417,3,0,23,6
418,1,1,27,5
418,2,0,23,6
418,3,0,31,3
419,1,0,35,3
419,2,1,31,4
419,3,0,27,6
420,1,0,23,6
420,2,1,27,4
420,3,0,31,3
421,1,0,23,6
421,2,1,27,4
421,3,0,35,3
422,1,1,27,5
422,2,0,35,4
422,3,0,23,6
423,1,0,35,3
423,2,1,23,5
423,3,0,31,4
424,1,1,27,4
424,2,0,23,5
424,3,0,35,3
425,1,1,35,3
425,2,0,27,6
425,3,0,31,5
426,1,0,23,6
426,2,1,27,5
426,3,0,35,3
427,1,1,35,3
427,2,0,31,5
427,3,0,23,6
428,1,1,27,5
428,2,0,23,6
428,3,0,31,3
429,1,0,35,3
429,2,1,31,4
429,3,0,27,6
430,1,0,23,6
430,2,0,27,4
430,3,1,31,3
431,1,0,23,6
431,2,0,27,4
431,3,1,35,3
432,1,0,27,5
432,2,1,35,4
432,3,0,23,6
433,1,1,35,3
433,2,0,23,5
433,3,0,31,4
434,1,0,27,4
434,2,0,23,5
434,3,1,35,3
435,1,1,35,3
435,2,0,27,6
435,3,0,31,5
436,1,0,23,6
436,2,0,27,5
436,3,1,35,3
437,1,1,35,3
437,2,0,31,5
437,3,0,23,6
438,1,0,27,5
438,2,0,23,6
438,3,1,31,3
439,1,1,35,3
439,2,0,31,4
439,3,0,27,6
440,1,0,23,6
440,2,0,27,4
440,3,1,31,3
441,1,0,23,6
441,2,1,27,4
441,3,0,35,3
442,1,0,27,5
442,2,0,35,4
442,3,1,23,6
443,1,0,35,3
443,2,1,23,5
443,3,0,31,4
444,1,0,27,4
444,2,1,23,5
444,3,0,35,3
445,1,0,35,3
445,2,1,27,6
445,3,0,31,5
446,1,0,23,6
446,2,1,27,5
446,3,0,35,3
447,1,0,35,3
447,2,0,31,5
447,3,1,23,6
448,1,0,27,5
448,2,1,23,6
448,3,0,31,3
449,1,1,35,3
449,2,0,31,4
449,3,0,27,6
450,1,0,23,6
450,2,1,27,4
450,3,0,31,3
451,1,0,23,6
451,2,1,27,4
451,3,0,35,3
452,1,0,27,5
452,2,1,35,4
452,3,0,23,6
453,1,0,35,3
453,2,1,23,5
453,3,0,31,4
454,1,1,27,4
454,2,0,23,5
454,3,0,35,3
455,1,1,35,3
455,2,0,27,6
455,3,0,31,5
456,1,0,23,6
456,2,1,27,5
456,3,0,35,3
457,1,0,35,3
457,2,1,31,5
457,3,0,23,6
458,1,0,27,5
458,2,0,23,6
458,3,1,31,3
459,1,0,35,3
459,2,1,31,4
459,3,0,27,6
460,1,0,23,6
460,2,1,27,4
460,3,0,31,3
461,1,1,23,6
461,2,0,27,4
461,3,0,35,3
462,1,0,27,5
462,2,0,35,4
462,3,1,23,6
463,1,0,35,3
463,2,1,23,5
463,3,0,31,4
464,1,0,27,4
464,2,1,23,5
464,3,0,35,3
465,1,0,35,3
465,2,0,27,6
465,3,1,31,5
466,1,1,23,6
466,2,0,27,5
466,3,0,35,3
467,1,0,35,3
467,2,0,31,5
467,3,1,23,6
468,1,0,27,5
468,2,1,23,6
468,3,0,31,3
469,1,0,35,3
469,2,0,31,4
469,3,1,27,6
470,1,1,23,6
470,2,0,27,4
470,3,0,31,3
471,1,1,23,6
471,2,0,27,4
471,3,0,35,3
472,1,0,27,5
472,2,0,35,4
472,3,1,23,6
473,1,0,35,3
473,2,1,23,5
473,3,0,31,4
474,1,0,27,4
474,2,1,23,5
474,3,0,35,3
475,1,0,35,3
475,2,1,27,6
475,3,0,31,5
476,1,1,23,6
476,2,0,27,5
476,3,0,35,3
477,1,0,35,3
477,2,0,31,5
477,3,1,23,6
478,1,0,27,5
478,2,1,23,6
478,3,0,31,3
479,1,0,35,3
479,2,1,31,4
479,3,0,27,6
480,1,1,23,6
480,2,0,27,4
480,3,0,31,3
481,1,0,23,6
481,2,1,27,4
481,3,0,35,3
482,1,0,27,5
482,2,1,35,4
482,3,0,23,6
483,1,0,35,3
483,2,0,23,5
483,3,1,31,4
484,1,1,27,4
484,2,0,23,5
484,3,0,35,3
485,1,0,35,3
485,2,0,27,6
485,3,1,31,5
486,1,0,23,6
486,2,1,27,5
486,3,0,35,3
487,1,0,35,3
487,2,1,31,5
487,3,0,23,6
488,1,1,27,5
488,2,0,23,6
488,3,0,31,3
489,1,0,35,3
489,2,1,31,4
489,3,0,27,6
490,1,0,23,6
490,2,1,27,4
490,3,0,31,3
491,1,0,23,6
491,2,0,27,4
491,3,1,35,3
492,1,0,27,5
492,2,1,35,4
492,3,0,23,6
493,1,1,35,3
493,2,0,23,5
493,3,0,31,4
494,1,0,27,4
494,2,0,23,5
494,3,1,35,3
495,1,1,35,3
495,2,0,27,6
495,3,0,31,5
496,1,0,23,6
496,2,0,27,5
496,3,1,35,3
497,1,1,35,3
497,2,0,31,5
497,3,0,23,6
498,1,0,27,5
498,2,0,23,6
498,3,1,31,3
499,1,1,35,3
499,2,0,31,4
499,3,0,27,6
500,1,0,23,6
500,2,0,27,4
500,3,1,31,3
501,1,0,23,6
501,2,0,27,4
501,3,1,35,3
502,1,0,27,5
502,2,1,35,4
502,3,0,23,6
503,1,1,35,3
503,2,0,23,5
503,3,0,31,4
504,1,0,27,4
504,2,0,23,5
504,3,1,35,3
505,1,1,35,3
505,2,0,27,6
505,3,0,31,5
506,1,0,23,6
506,2,0,27,5
506,3,1,35,3
507,1,1,35,3
507,2,0,31,5
507,3,0,23,6
508,1,0,27,5
508,2,0,23,6
508,3,1,31,3
509,1,1,35,3
509,2,0,31,4
509,3,0,27,6
510,1,0,23,6
510,2,0,27,4
510,3,1,31,3
511,1,0,23,6
511,2,1,27,4
511,3,0,35,3
512,1,1,27,5
512,2,0,35,4
512,3,0,23,6
513,1,0,35,3
513,2,1,23,5
513,3,0,31,4
514,1,0,27,4
514,2,1,23,5
514,3,0,35,3
515,1,1,35,3
515,2,0,27,6
515,3,0,31,5
516,1,0,23,6
516,2,1,27,5
516,3,0,35,3
517,1,0,35,3
517,2,0,31,5
517,3,1,23,6
518,1,1,27,5
518,2,0,23,6
518,3,0,31,3
519,1,1,35,3
519,2,0,31,4
519,3,0,27,6
520,1,0,23,6
520,2,0,27,4
520,3,1,31,3
521,1,0,23,6
521,2,0,27,4
521,3,1,35,3
522,1,0,27,5
522,2,1,35,4
522,3,0,23,6
523,1,1,35,3
523,2,0,23,5
523,3,0,31,4
524,1,0,27,4
524,2,0,23,5
524,3,1,35,3
525,1,1,35,3
525,2,0,27,6
525,3,0,31,5
526,1,0,23,6
526,2,0,27,5
526,3,1,35,3
527,1,1,35,3
527,2,0,31,5
527,3,0,23,6
528,1,0,27,5
528,2,0,23,6
528,3,1,31,3
529,1,1,35,3
529,2,0,31,4
529,3,0,27,6
530,1,0,23,6
530,2,0,27,4
530,3,1,31,3
531,1,1,23,6
531,2,0,27,4
531,3,0,35,3
532,1,0,27,5
532,2,0,35,4
532,3,1,23,6
533,1,0,35,3
533,2,1,23,5
533,3,0,31,4
534,1,0,27,4
534,2,1,23,5
534,3,0,35,3
535,1,0,35,3
535,2,1,27,6
535,3,0,31,5
536,1,1,23,6
536,2,0,27,5
536,3,0,35,3
537,1,0,35,3
537,2,0,31,5
537,3,1,23,6
538,1,0,27,5
538,2,1,23,6
538,3,0,31,3
539,1,0,35,3
539,2,0,31,4
539,3,1,27,6
540,1,1,23,6
540,2,0,27,4
540,3,0,31,3
541,1,0,23,6
541,2,1,27,4
541,3,0,35,3
542,1,1,27,5
542,2,0,35,4
542,3,0,23,6
543,1,0,35,3
543,2,1,23,5
543,3,0,31,4
544,1,1,27,4
544,2,0,23,5
544,3,0,35,3
545,1,0,35,3
545,2,1,27,6
545,3,0,31,5
546,1,0,23,6
546,2,1,27,5
546,3,0,35,3
547,1,0,35,3
547,2,0,31,5
547,3,1,23,6
548,1,1,27,5
548,2,0,23,6
548,3,0,31,3
549,1,0,35,3
549,2,0,31,4
549,3,1,27,6
550,1,0,23,6
550,2,1,27,4
550,3,0,31,3
551,1,0,23,6
551,2,1,27,4
551,3,0,35,3
552,1,1,27,5
552,2,0,35,4
552,3,0,23,6
553,1,0,35,3
553,2,1,23,5
553,3,0,31,4
554,1,1,27,4
554,2,0,23,5
554,3,0,35,3
555,1,1,35,3
555,2,0,27,6
555,3,0,31,5
556,1,0,23,6
556,2,1,27,5
556,3,0,35,3
557,1,0,35,3
557,2,1,31,5
557,3,0,23,6
558,1,1,27,5
558,2,0,23,6
558,3,0,31,3
559,1,0,35,3
559,2,1,31,4
559,3,0,27,6
560,1,0,23,6
560,2,1,27,4
560,3,0,31,3
561,1,0,23,6
561,2,1,27,4
561,3,0,35,3
562,1,1,27,5
562,2,0,35,4
562,3,0,23,6
563,1,0,35,3
563,2,1,23,5
563,3,0,31,4
564,1,1,27,4
564,2,0,23,5
564,3,0,35,3
565,1,0,35,3
565,2,0,27,6
565,3,1,31,5
566,1,1,23,6
566,2,0,27,5
566,3,0,35,3
567,1,0,35,3
567,2,0,31,5
567,3,1,23,6
568,1,0,27,5
568,2,1,23,6
568,3,0,31,3
569,1,0,35,3
569,2,0,31,4
569,3,1,27,6
570,1,1,23,6
570,2,0,27,4
570,3,0,31,3
571,1,0,23,6
571,2,0,27,4
571,3,1,35,3
572,1,0,27,5
572,2,1,35,4
572,3,0,23,6
573,1,1,35,3
573,2,0,23,5
573,3,0,31,4
574,1,0,27,4
574,2,0,23,5
574,3,1,35,3
575,1,1,35,3
575,2,0,27,6
575,3,0,31,5
576,1,0,23,6
576,2,0,27,5
576,3,1,35,3
577,1,1,35,3
577,2,0,31,5
577,3,0,23,6
578,1,0,27,5
578,2,0,23,6
578,3,1,31,3
579,1,1,35,3
579,2,0,31,4
579,3,0,27,6
580,1,0,23,6
580,2,0,27,4
580,3,1,31,3
581,1,0,23,6
581,2,0,27,4
581,3,1,35,3
582,1,0,27,5
582,2,1,35,4
582,3,0,23,6
583,1,1,35,3
583,2,0,23,5
583,3,0,31,4
584,1,0,27,4
584,2,0,23,5
584,3,1,35,3
585,1,1,35,3
585,2,0,27,6
585,3,0,31,5
586,1,0,23,6
586,2,0,27,5
586,3,1,35,3
587,1,1,35,3
587,2,0,31,5
587,3,0,23,6
588,1,0,27,5
588,2,0,23,6
588,3,1,31,3
589,1,1,35,3
589,2,0,31,4
589,3,0,27,6
590,1,0,23,6
590,2,0,27,4
590,3,1,31,3
591,1,1,23,6
591,2,0,27,4
591,3,0,35,3
592,1,0,27,5
592,2,0,35,4
592,3,1,23,6
593,1,0,35,3
593,2,1,23,5
593,3,0,31,4
594,1,0,27,4
594,2,1,23,5
594,3,0,35,3
595,1,0,35,3
595,2,1,27,6
595,3,0,31,5
596,1,0,23,6
596,2,1,27,5
596,3,0,35,3
597,1,0,35,3
597,2,0,31,5
597,3,1,23,6
598,1,0,27,5
598,2,1,23,6
598,3,0,31,3
599,1,0,35,3
599,2,0,31,4
599,3,1,27,6
600,1,1,23,6
600,2,0,27,4
600,3,0,31,3
601,1,0,23,6
601,2,1,27,4
601,3,0,35,3
602,1,0,27,5
602,2,0,35,4
602,3,1,23,6
603,1,0,35,3
603,2,1,23,5
603,3,0,31,4
604,1,0,27,4
604,2,0,23,5
604,3,1,35,3
605,1,0,35,3
605,2,1,27,6
605,3,0,31,5
606,1,0,23,6
606,2,0,27,5
606,3,1,35,3
607,1,1,35,3
607,2,0,31,5
607,3,0,23,6
608,1,0,27,5
608,2,0,23,6
608,3,1,31,3
609,1,0,35,3
609,2,1,31,4
609,3,0,27,6
610,1,0,23,6
610,2,0,27,4
610,3,1,31,3
611,1,0,23,6
611,2,1,27,4
611,3,0,35,3
612,1,1,27,5
612,2,0,35,4
612,3,0,23,6
613,1,0,35,3
613,2,0,23,5
613,3,1,31,4
614,1,1,27,4
614,2,0,23,5
614,3,0,35,3
615,1,1,35,3
615,2,0,27,6
615,3,0,31,5
616,1,0,23,6
616,2,1,27,5
616,3,0,35,3
617,1,0,35,3
617,2,1,31,5
617,3,0,23,6
618,1,0,27,5
618,2,0,23,6
618,3,1,31,3
619,1,1,35,3
619,2,0,31,4
619,3,0,27,6
620,1,0,23,6
620,2,1,27,4
620,3,0,31,3
621,1,0,23,6
621,2,0,27,4
621,3,1,35,3
622,1,0,27,5
622,2,1,35,4
622,3,0,23,6
623,1,1,35,3
623,2,0,23,5
623,3,0,31,4
624,1,0,27,4
624,2,0,23,5
624,3,1,35,3
625,1,1,35,3
625,2,0,27,6
625,3,0,31,5
626,1,1,23,6
626,2,0,27,5
626,3,0,35,3
627,1,1,35,3
627,2,0,31,5
627,3,0,23,6
628,1,0,27,5
628,2,1,23,6
628,3,0,31,3
629,1,1,35,3
629,2,0,31,4
629,3,0,27,6
630,1,0,23,6
630,2,0,27,4
630,3,1,31,3
631,1,0,23,6
631,2,1,27,4
631,3,0,35,3
632,1,0,27,5
632,2,0,35,4
632,3,1,23,6
633,1,0,35,3
633,2,0,23,5
633,3,1,31,4
634,1,1,27,4
634,2,0,23,5
634,3,0,35,3
635,1,0,35,3
635,2,0,27,6
635,3,1,31,5
636,1,0,23,6
636,2,1,27,5
636,3,0,35,3
637,1,0,35,3
637,2,1,31,5
637,3,0,23,6
638,1,0,27,5
638,2,0,23,6
638,3,1,31,3
639,1,1,35,3
639,2,0,31,4
639,3,0,27,6
640,1,0,23,6
640,2,0,27,4
640,3,1,31,3
641,1,0,23,6
641,2,1,27,4
641,3,0,35,3
642,1,1,27,5
642,2,0,35,4
642,3,0,23,6
643,1,0,35,3
643,2,1,23,5
643,3,0,31,4
644,1,0,27,4
644,2,1,23,5
644,3,0,35,3
645,1,0,35,3
645,2,0,27,6
645,3,1,31,5
646,1,0,23,6
646,2,1,27,5
646,3,0,35,3
647,1,0,35,3
647,2,1,31,5
647,3,0,23,6
648,1,1,27,5
648,2,0,23,6
648,3,0,31,3
649,1,0,35,3
649,2,1,31,4
649,3,0,27,6
650,1,0,23,6
650,2,1,27,4
650,3,0,31,3
651,1,1,23,6
651,2,0,27,4
651,3,0,35,3
652,1,0,27,5
652,2,0,35,4
652,3,1,23,6
653,1,0,35,3
653,2,1,23,5
653,3,0,31,4
654,1,0,27,4
654,2,1,23,5
654,3,0,35,3
655,1,0,35,3
655,2,0,27,6
655,3,1,31,5
656,1,1,23,6
656,2,0,27,5
656,3,0,35,3
657,1,0,35,3
657,2,0,31,5
657,3,1,23,6
658,1,0,27,5
658,2,1,23,6
658,3,0,31,3
659,1,0,35,3
659,2,1,31,4
659,3,0,27,6
660,1,0,23,6
660,2,1,27,4
660,3,0,31,3
661,1,0,23,6
661,2,1,27,4
661,3,0,35,3
662,1,0,27,5
662,2,1,35,4
662,3,0,23,6
663,1,1,35,3
663,2,0,23,5
663,3,0,31,4
664,1,0,27,4
664,2,1,23,5
664,3,0,35,3
665,1,0,35,3
665,2,0,27,6
665,3,1,31,5
666,1,0,23,6
666,2,1,27,5
666,3,0,35,3
667,1,0,35,3
667,2,1,31,5
667,3,0,23,6
668,1,0,27,5
668,2,0,23,6
668,3,1,31,3
669,1,1,35,3
669,2,0,31,4
669,3,0,27,6
670,1,0,23,6
670,2,0,27,4
670,3,1,31,3
671,1,0,23,6
671,2,0,27,4
671,3,1,35,3
672,1,1,27,5
672,2,0,35,4
672,3,0,23,6
673,1,0,35,3
673,2,0,23,5
673,3,1,31,4
674,1,1,27,4
674,2,0,23,5
674,3,0,35,3
675,1,0,35,3
675,2,0,27,6
675,3,1,31,5
676,1,0,23,6
676,2,1,27,5
676,3,0,35,3
677,1,0,35,3
677,2,1,31,5
677,3,0,23,6
678,1,1,27,5
678,2,0,23,6
678,3,0,31,3
679,1,0,35,3
679,2,1,31,4
679,3,0,27,6
680,1,0,23,6
680,2,1,27,4
680,3,0,31,3
681,1,0,23,6
681,2,1,27,4
681,3,0,35,3
682,1,0,27,5
682,2,0,35,4
682,3,1,23,6
683,1,0,35,3
683,2,1,23,5
683,3,0,31,4
684,1,1,27,4
684,2,0,23,5
684,3,0,35,3
685,1,0,35,3
685,2,1,27,6
685,3,0,31,5
686,1,0,23,6
686,2,1,27,5
686,3,0,35,3
687,1,0,35,3
687,2,0,31,5
687,3,1,23,6
688,1,0,27,5
688,2,1,23,6
688,3,0,31,3
689,1,0,35,3
689,2,1,31,4
689,3,0,27,6
690,1,1,23,6
690,2,0,27,4
690,3,0,31,3
691,1,1,23,6
691,2,0,27,4
691,3,0,35,3
692,1,1,27,5
692,2,0,35,4
692,3,0,23,6
693,1,0,35,3
693,2,0,23,5
693,3,1,31,4
694,1,1,27,4
694,2,0,23,5
694,3,0,35,3
695,1,0,35,3
695,2,1,27,6
695,3,0,31,5
696,1,1,23,6
696,2,0,27,5
696,3,0,35,3
697,1,0,35,3
697,2,0,31,5
697,3,1,23,6
698,1,1,27,5
698,2,0,23,6
698,3,0,31,3
699,1,0,35,3
699,2,0,31,4
699,3,1,27,6
700,1,1,23,6
700,2,0,27,4
700,3,0,31,3
701,1,1,23,6
701,2,0,27,4
701,3,0,35,3
702,1,0,27,5
702,2,0,35,4
702,3,1,23,6
703,1,0,35,3
703,2,1,23,5
703,3,0,31,4
704,1,0,27,4
704,2,1,23,5
704,3,0,35,3
705,1,0,35,3
705,2,1,27,6
705,3,0,31,5
706,1,1,23,6
706,2,0,27,5
706,3,0,35,3
707,1,0,35,3
707,2,0,31,5
707,3,1,23,6
708,1,0,27,5
708,2,1,23,6
708,3,0,31,3
709,1,0,35,3
709,2,0,31,4
709,3,1,27,6
710,1,1,23,6
710,2,0,27,4
710,3,0,31,3
711,1,0,23,6
711,2,1,27,4
711,3,0,35,3
712,1,1,27,5
712,2,0,35,4
712,3,0,23,6
713,1,0,35,3
713,2,1,23,5
713,3,0,31,4
714,1,1,27,4
714,2,0,23,5
714,3,0,35,3
715,1,0,35,3
715,2,1,27,6
715,3,0,31,5
716,1,0,23,6
716,2,1,27,5
716,3,0,35,3
717,1,0,35,3
717,2,0,31,5
717,3,1,23,6
718,1,1,27,5
718,2,0,23,6
718,3,0,31,3
719,1,0,35,3
719,2,1,31,4
719,3,0,27,6
720,1,0,23,6
720,2,1,27,4
720,3,0,31,3
721,1,0,23,6
721,2,1,27,4
721,3,0,35,3
722,1,1,27,5
722,2,0,35,4
722,3,0,23,6
723,1,0,35,3
723,2,1,23,5
723,3,0,31,4
724,1,1,27,4
724,2,0,23,5
724,3,0,35,3
725,1,0,35,3
725,2,0,27,6
725,3,1,31,5
726,1,0,23,6
726,2,1,27,5
726,3,0,35,3
727,1,0,35,3
727,2,1,31,5
727,3,0,23,6
728,1,0,27,5
728,2,0,23,6
728,3,1,31,3
729,1,0,35,3
729,2,1,31,4
729,3,0,27,6
730,1,0,23,6
730,2,0,27,4
730,3,1,31,3
731,1,0,23,6
731,2,1,27,4
731,3,0,35,3
732,1,1,27,5
732,2,0,35,4
732,3,0,23,6
733,1,0,35,3
733,2,1,23,5
733,3,0,31,4
734,1,1,27,4
734,2,0,23,5
734,3,0,35,3
735,1,1,35,3
735,2,0,27,6
735,3,0,31,5
736,1,0,23,6
736,2,1,27,5
736,3,0,35,3
737,1,1,35,3
737,2,0,31,5
737,3,0,23,6
738,1,1,27,5
738,2,0,23,6
738,3,0,31,3
739,1,0,35,3
739,2,1,31,4
739,3,0,27,6
740,1,0,23,6
740,2,1,27,4
740,3,0,31,3
741,1,0,23,6
741,2,1,27,4
741,3,0,35,3
742,1,1,27,5
742,2,0,35,4
742,3,0,23,6
743,1,0,35,3
743,2,1,23,5
743,3,0,31,4
744,1,0,27,4
744,2,1,23,5
744,3,0,35,3
745,1,0,35,3
745,2,1,27,6
745,3,0,31,5
746,1,0,23,6
746,2,1,27,5
746,3,0,35,3
747,1,0,35,3
747,2,0,31,5
747,3,1,23,6
748,1,0,27,5
748,2,1,23,6
748,3,0,31,3
749,1,0,35,3
749,2,0,31,4
749,3,1,27,6
750,1,0,23,6
750,2,1,27,4
750,3,0,31,3
751,1,0,23,6
751,2,1,27,4
751,3,0,35,3
752,1,1,27,5
752,2,0,35,4
752,3,0,23,6
753,1,0,35,3
753,2,0,23,5
753,3,1,31,4
754,1,1,27,4
754,2,0,23,5
754,3,0,35,3
755,1,1,35,3
755,2,0,27,6
755,3,0,31,5
756,1,0,23,6
756,2,0,27,5
756,3,1,35,3
757,1,1,35,3
757,2,0,31,5
757,3,0,23,6
758,1,0,27,5
758,2,0,23,6
758,3,1,31,3
759,1,1,35,3
759,2,0,31,4
759,3,0,27,6
760,1,0,23,6
760,2,1,27,4
760,3,0,31,3
761,1,0,23,6
761,2,1,27,4
761,3,0,35,3
762,1,0,27,5
762,2,0,35,4
762,3,1,23,6
763,1,0,35,3
763,2,1,23,5
763,3,0,31,4
764,1,0,27,4
764,2,1,23,5
764,3,0,35,3
765,1,0,35,3
765,2,1,27,6
765,3,0,31,5
766,1,1,23,6
766,2,0,27,5
766,3,0,35,3
767,1,0,35,3
767,2,0,31,5
767,3,1,23,6
768,1,0,27,5
768,2,1,23,6
768,3,0,31,3
769,1,0,35,3
769,2,1,31,4
769,3,0,27,6
770,1,1,23,6
770,2,0,27,4
770,3,0,31,3
771,1,0,23,6
771,2,1,27,4
771,3,0,35,3
772,1,1,27,5
772,2,0,35,4
772,3,0,23,6
773,1,0,35,3
773,2,0,23,5
773,3,1,31,4
774,1,1,27,4
774,2,0,23,5
774,3,0,35,3
775,1,0,35,3
775,2,0,27,6
775,3,1,31,5
776,1,0,23,6
776,2,1,27,5
776,3,0,35,3
777,1,0,35,3
777,2,1,31,5
777,3,0,23,6
778,1,0,27,5
778,2,0,23,6
778,3,1,31,3
779,1,0,35,3
779,2,1,31,4
779,3,0,27,6
780,1,0,23,6
780,2,0,27,4
780,3,1,31,3
781,1,0,23,6
781,2,1,27,4
781,3,0,35,3
782,1,1,27,5
782,2,0,35,4
782,3,0,23,6
783,1,0,35,3
783,2,0,23,5
783,3,1,31,4
784,1,0,27,4
784,2,1,23,5
784,3,0,35,3
785,1,0,35,3
785,2,1,27,6
785,3,0,31,5
786,1,0,23,6
786,2,1,27,5
786,3,0,35,3
787,1,0,35,3
787,2,1,31,5
787,3,0,23,6
788,1,1,27,5
788,2,0,23,6
788,3,0,31,3
789,1,0,35,3
789,2,1,31,4
789,3,0,27,6
790,1,0,23,6
790,2,1,27,4
790,3,0,31,3
791,1,1,23,6
791,2,0,27,4
791,3,0,35,3
792,1,0,27,5
792,2,0,35,4
792,3,1,23,6
793,1,0,35,3
793,2,1,23,5
793,3,0,31,4
794,1,0,27,4
794,2,1,23,5
794,3,0,35,3
795,1,0,35,3
795,2,1,27,6
795,3,0,31,5
796,1,1,23,6
796,2,0,27,5
796,3,0,35,3
797,1,0,35,3
797,2,0,31,5
797,3,1,23,6
798,1,0,27,5
798,2,1,23,6
798,3,0,31,3
799,1,0,35,3
799,2,0,31,4
799,3,1,27,6
800,1,1,23,6
800,2,0,27,4
800,3,0,31,3
801,1,0,23,6
801,2,0,27,4
801,3,1,35,3
802,1,0,27,5
802,2,1,35,4
802,3,0,23,6
803,1,1,35,3
803,2,0,23,5
803,3,0,31,4
804,1,0,27,4
804,2,0,23,5
804,3,1,35,3
805,1,1,35,3
805,2,0,27,6
805,3,0,31,5
806,1,0,23,6
806,2,0,27,5
806,3,1,35,3
807,1,1,35,3
807,2,0,31,5
807,3,0,23,6
808,1,0,27,5
808,2,0,23,6
808,3,1,31,3
809,1,1,35,3
809,2,0,31,4
809,3,0,27,6
810,1,0,23,6
810,2,0,27,4
810,3,1,31,3
811,1,0,23,6
811,2,1,27,4
811,3,0,35,3
812,1,1,27,5
812,2,0,35,4
812,3,0,23,6
813,1,0,35,3
813,2,1,23,5
813,3,0,31,4
814,1,1,27,4
814,2,0,23,5
814,3,0,35,3
815,1,0,35,3
815,2,1,27,6
815,3,0,31,5
816,1,0,23,6
816,2,1,27,5
816,3,0,35,3
817,1,0,35,3
817,2,1,31,5
817,3,0,23,6
818,1,1,27,5
818,2,0,23,6
818,3,0,31,3
819,1,0,35,3
819,2,0,31,4
819,3,1,27,6
820,1,0,23,6
820,2,1,27,4
820,3,0,31,3
821,1,0,23,6
821,2,1,27,4
821,3,0,35,3
822,1,1,27,5
822,2,0,35,4
822,3,0,23,6
823,1,0,35,3
823,2,1,23,5
823,3,0,31,4
824,1,1,27,4
824,2,0,23,5
824,3,0,35,3
825,1,0,35,3
825,2,0,27,6
825,3,1,31,5
826,1,0,23,6
826,2,1,27,5
826,3,0,35,3
827,1,1,35,3
827,2,0,31,5
827,3,0,23,6
828,1,1,27,5
828,2,0,23,6
828,3,0,31,3
829,1,0,35,3
829,2,1,31,4
829,3,0,27,6
830,1,0,23,6
830,2,1,27,4
830,3,0,31,3
831,1,0,23,6
831,2,1,27,4
831,3,0,35,3
832,1,0,27,5
832,2,0,35,4
832,3,1,23,6
833,1,0,35,3
833,2,1,23,5
833,3,0,31,4
834,1,1,27,4
834,2,0,23,5
834,3,0,35,3
835,1,1,35,3
835,2,0,27,6
835,3,0,31,5
836,1,0,23,6
836,2,0,27,5
836,3,1,35,3
837,1,1,35,3
837,2,0,31,5
837,3,0,23,6
838,1,0,27,5
838,2,0,23,6
838,3,1,31,3
839,1,1,35,3
839,2,0,31,4
839,3,0,27,6
840,1,0,23,6
840,2,0,27,4
840,3,1,31,3
841,1,1,23,6
841,2,0,27,4
841,3,0,35,3
842,1,1,27,5
842,2,0,35,4
842,3,0,23,6
843,1,0,35,3
843,2,1,23,5
843,3,0,31,4
844,1,0,27,4
844,2,1,23,5
844,3,0,35,3
845,1,0,35,3
845,2,1,27,6
845,3,0,31,5
846,1,1,23,6
846,2,0,27,5
846,3,0,35,3
847,1,1,35,3
847,2,0,31,5
847,3,0,23,6
848,1,0,27,5
848,2,0,23,6
848,3,1,31,3
849,1,0,35,3
849,2,1,31,4
849,3,0,27,6
850,1,0,23,6
850,2,0,27,4
850,3,1,31,3
851,1,0,23,6
851,2,1,27,4
851,3,0,35,3
852,1,1,27,5
852,2,0,35,4
852,3,0,23,6
853,1,0,35,3
853,2,1,23,5
853,3,0,31,4
854,1,1,27,4
854,2,0,23,5
854,3,0,35,3
855,1,0,35,3
855,2,1,27,6
855,3,0,31,5
856,1,0,23,6
856,2,1,27,5
856,3,0,35,3
857,1,1,35,3
857,2,0,31,5
857,3,0,23,6
858,1,0,27,5
858,2,0,23,6
858,3,1,31,3
859,1,1,35,3
859,2,0,31,4
859,3,0,27,6
860,1,0,23,6
860,2,1,27,4
860,3,0,31,3
861,1,1,23,6
861,2,0,27,4
861,3,0,35,3
862,1,0,27,5
862,2,0,35,4
862,3,1,23,6
863,1,0,35,3
863,2,1,23,5
863,3,0,31,4
864,1,0,27,4
864,2,1,23,5
864,3,0,35,3
865,1,0,35,3
865,2,1,27,6
865,3,0,31,5
866,1,1,23,6
866,2,0,27,5
866,3,0,35,3
867,1,0,35,3
867,2,0,31,5
867,3,1,23,6
868,1,0,27,5
868,2,1,23,6
868,3,0,31,3
869,1,0,35,3
869,2,0,31,4
869,3,1,27,6
870,1,1,23,6
870,2,0,27,4
870,3,0,31,3
871,1,0,23,6
871,2,1,27,4
871,3,0,35,3
872,1,1,27,5
872,2,0,35,4
872,3,0,23,6
873,1,1,35,3
873,2,0,23,5
873,3,0,31,4
874,1,0,27,4
874,2,1,23,5
874,3,0,35,3
875,1,0,35,3
875,2,1,27,6
875,3,0,31,5
876,1,0,23,6
876,2,1,27,5
876,3,0,35,3
877,1,0,35,3
877,2,0,31,5
877,3,1,23,6
878,1,0,27,5
878,2,1,23,6
878,3,0,31,3
879,1,0,35,3
879,2,0,31,4
879,3,1,27,6
880,1,0,23,6
880,2,1,27,4
880,3,0,31,3
881,1,0,23,6
881,2,1,27,4
881,3,0,35,3
882,1,1,27,5
882,2,0,35,4
882,3,0,23,6
883,1,0,35,3
883,2,0,23,5
883,3,1,31,4
884,1,1,27,4
884,2,0,23,5
884,3,0,35,3
885,1,0,35,3
885,2,0,27,6
885,3,1,31,5
886,1,0,23,6
886,2,1,27,5
886,3,0,35,3
887,1,0,35,3
887,2,1,31,5
887,3,0,23,6
888,1,1,27,5
888,2,0,23,6
888,3,0,31,3
889,1,0,35,3
889,2,1,31,4
889,3,0,27,6
890,1,0,23,6
890,2,1,27,4
890,3,0,31,3
891,1,0,23,6
891,2,1,27,4
891,3,0,35,3
892,1,1,27,5
892,2,0,35,4
892,3,0,23,6
893,1,0,35,3
893,2,1,23,5
893,3,0,31,4
894,1,1,27,4
894,2,0,23,5
894,3,0,35,3
895,1,0,35,3
895,2,0,27,6
895,3,1,31,5
896,1,0,23,6
896,2,1,27,5
896,3,0,35,3
897,1,0,35,3
897,2,1,31,5
897,3,0,23,6
898,1,1,27,5
898,2,0,23,6
898,3,0,31,3
899,1,0,35,3
899,2,1,31,4
899,3,0,27,6
900,1,0,23,6
900,2,1,27,4
900,3,0,31,3
901,1,0,23,6
901,2,1,27,4
901,3,0,35,3
902,1,1,27,5
902,2,0,35,4
902,3,0,23,6
903,1,0,35,3
903,2,1,23,5
903,3,0,31,4
904,1,1,27,4
904,2,0,23,5
904,3,0,35,3
905,1,0,35,3
905,2,0,27,6
905,3,1,31,5
906,1,0,23,6
906,2,1,27,5
906,3,0,35,3
907,1,0,35,3
907,2,1,31,5
907,3,0,23,6
908,1,1,27,5
908,2,0,23,6
908,3,0,31,3
909,1,1,35,3
909,2,0,31,4
909,3,0,27,6
910,1,0,23,6
910,2,1,27,4
910,3,0,31,3
911,1,0,23,6
911,2,1,27,4
911,3,0,35,3
912,1,0,27,5
912,2,0,35,4
912,3,1,23,6
913,1,0,35,3
913,2,1,23,5
913,3,0,31,4
914,1,1,27,4
914,2,0,23,5
914,3,0,35,3
915,1,0,35,3
915,2,1,27,6
915,3,0,31,5
916,1,1,23,6
916,2,0,27,5
916,3,0,35,3
917,1,0,35,3
917,2,0,31,5
917,3,1,23,6
918,1,1,27,5
918,2,0,23,6
918,3,0,31,3
919,1,0,35,3
919,2,1,31,4
919,3,0,27,6
920,1,0,23,6
920,2,1,27,4
920,3,0,31,3
921,1,0,23,6
921,2,1,27,4
921,3,0,35,3
922,1,0,27,5
922,2,1,35,4
922,3,0,23,6
923,1,1,35,3
923,2,0,23,5
923,3,0,31,4
924,1,0,27,4
924,2,0,23,5
924,3,1,35,3
925,1,1,35,3
925,2,0,27,6
925,3,0,31,5
926,1,0,23,6
926,2,0,27,5
926,3,1,35,3
927,1,1,35,3
927,2,0,31,5
927,3,0,23,6
928,1,0,27,5
928,2,0,23,6
928,3,1,31,3
929,1,1,35,3
929,2,0,31,4
929,3,0,27,6
930,1,0,23,6
930,2,0,27,4
930,3,1,31,3
931,1,0,23,6
931,2,1,27,4
931,3,0,35,3
932,1,1,27,5
932,2,0,35,4
932,3,0,23,6
933,1,0,35,3
933,2,1,23,5
933,3,0,31,4
934,1,0,27,4
934,2,1,23,5
934,3,0,35,3
935,1,0,35,3
935,2,1,27,6
935,3,0,31,5
936,1,1,23,6
936,2,0,27,5
936,3,0,35,3
937,1,0,35,3
937,2,1,31,5
937,3,0,23,6
938,1,1,27,5
938,2,0,23,6
938,3,0,31,3
939,1,0,35,3
939,2,1,31,4
939,3,0,27,6
940,1,0,23,6
940,2,1,27,4
940,3,0,31,3
941,1,0,23,6
941,2,1,27,4
941,3,0,35,3
942,1,1,27,5
942,2,0,35,4
942,3,0,23,6
943,1,0,35,3
943,2,1,23,5
943,3,0,31,4
944,1,1,27,4
944,2,0,23,5
944,3,0,35,3
945,1,0,35,3
945,2,0,27,6
945,3,1,31,5
946,1,0,23,6
946,2,0,27,5
946,3,1,35,3
947,1,1,35,3
947,2,0,31,5
947,3,0,23,6
948,1,0,27,5
948,2,0,23,6
948,3,1,31,3
949,1,1,35,3
949,2,0,31,4
949,3,0,27,6
950,1,0,23,6
950,2,1,27,4
950,3,0,31,3
951,1,1,23,6
951,2,0,27,4
951,3,0,35,3
952,1,1,27,5
952,2,0,35,4
952,3,0,23,6
953,1,0,35,3
953,2,1,23,5
953,3,0,31,4
954,1,0,27,4
954,2,1,23,5
954,3,0,35,3
955,1,0,35,3
955,2,1,27,6
955,3,0,31,5
956,1,1,23,6
956,2,0,27,5
956,3,0,35,3
957,1,0,35,3
957,2,0,31,5
957,3,1,23,6
958,1,0,27,5
958,2,1,23,6
958,3,0,31,3
959,1,0,35,3
959,2,0,31,4
959,3,1,27,6
960,1,1,23,6
960,2,0,27,4
960,3,0,31,3
961,1,0,23,6
961,2,1,27,4
961,3,0,35,3
962,1,1,27,5
962,2,0,35,4
962,3,0,23,6
963,1,0,35,3
963,2,1,23,5
963,3,0,31,4
964,1,1,27,4
964,2,0,23,5
964,3,0,35,3
965,1,0,35,3
965,2,0,27,6
965,3,1,31,5
966,1,0,23,6
966,2,1,27,5
966,3,0,35,3
967,1,0,35,3
967,2,1,31,5
967,3,0,23,6
968,1,1,27,5
968,2,0,23,6
968,3,0,31,3
969,1,0,35,3
969,2,1,31,4
969,3,0,27,6
970,1,0,23,6
970,2,1,27,4
970,3,0,31,3
971,1,0,23,6
971,2,1,27,4
971,3,0,35,3
972,1,1,27,5
972,2,0,35,4
972,3,0,23,6
973,1,0,35,3
973,2,0,23,5
973,3,1,31,4
974,1,1,27,4
974,2,0,23,5
974,3,0,35,3
975,1,0,35,3
975,2,0,27,6
975,3,1,31,5
976,1,0,23,6
976,2,1,27,5
976,3,0,35,3
977,1,0,35,3
977,2,1,31,5
977,3,0,23,6
978,1,1,27,5
978,2,0,23,6
978,3,0,31,3
979,1,0,35,3
979,2,1,31,4
979,3,0,27,6
980,1,0,23,6
980,2,1,27,4
980,3,0,31,3
981,1,0,23,6
981,2,1,27,4
981,3,0,35,3
982,1,0,27,5
982,2,1,35,4
982,3,0,23,6
983,1,0,35,3
983,2,0,23,5
983,3,1,31,4
984,1,1,27,4
984,2,0,23,5
984,3,0,35,3
985,1,1,35,3
985,2,0,27,6
985,3,0,31,5
986,1,0,23,6
986,2,1,27,5
986,3,0,35,3
987,1,0,35,3
987,2,1,31,5
987,3,0,23,6
988,1,0,27,5
988,2,0,23,6
988,3,1,31,3
989,1,0,35,3
989,2,1,31,4
989,3,0,27,6
990,1,0,23,6
990,2,1,27,4
990,3,0,31,3
991,1,0,23,6
991,2,0,27,4
991,3,1,35,3
992,1,0,27,5
992,2,1,35,4
992,3,0,23,6
993,1,1,35,3
993,2,0,23,5
993,3,0,31,4
994,1,0,27,4
994,2,0,23,5
994,3,1,35,3
995,1,1,35,3
995,2,0,27,6
995,3,0,31,5
996,1,0,23,6
996,2,0,27,5
996,3,1,35,3
997,1,1,35,3
997,2,0,31,5
997,3,0,23,6
998,1,0,27,5
998,2,0,23,6
998,3,1,31,3
999,1,1,35,3
999,2,0,31,4
999,3,0,27,6
1000,1,0,23,6
1000,2,0,27,4
1000,3,1,31,3
1001,1,0,23,6
1001,2,0,27,4
1001,3,1,35,3
1002,1,0,27,5
1002,2,1,35,4
1002,3,0,23,6
1003,1,1,35,3
1003,2,0,23,5
1003,3,0,31,4
1004,1,0,27,4
1004,2,0,23,5
1004,3,1,35,3
1005,1,1,35,3
1005,2,0,27,6
1005,3,0,31,5
1006,1,0,23,6
1006,2,0,27,5
1006,3,1,35,3
1007,1,1,35,3
1007,2,0,31,5
1007,3,0,23,6
1008,1,0,27,5
1008,2,0,23,6
1008,3,1,31,3
1009,1,1,35,3
1009,2,0,31,4
1009,3,0,27,6
1010,1,0,23,6
1010,2,0,27,4
1010,3,1,31,3
1011,1,0,23,6
1011,2,1,27,4
1011,3,0,35,3
1012,1,1,27,5
1012,2,0,35,4
1012,3,0,23,6
1013,1,1,35,3
1013,2,0,23,5
1013,3,0,31,4
1014,1,0,27,4
1014,2,0,23,5
1014,3,1,35,3
1015,1,1,35,3
1015,2,0,27,6
1015,3,0,31,5
1016,1,0,23,6
1016,2,0,27,5
1016,3,1,35,3
1017,1,1,35,3
1017,2,0,31,5
1017,3,0,23,6
1018,1,0,27,5
1018,2,0,23,6
1018,3,1,31,3
1019,1,1,35,3
1019,2,0,31,4
1019,3,0,27,6
1020,1,0,23,6
1020,2,0,27,4
1020,3,1,31,3
1021,1,0,23,6
1021,2,0,27,4
1021,3,1,35,3
1022,1,0,27,5
1022,2,1,35,4
1022,3,0,23,6
1023,1,1,35,3
1023,2,0,23,5
1023,3,0,31,4
1024,1,0,27,4
1024,2,0,23,5
1024,3,1,35,3
1025,1,1,35,3
1025,2,0,27,6
1025,3,0,31,5
1026,1,0,23,6
1026,2,0,27,5
1026,3,1,35,3
1027,1,1,35,3
1027,2,0,31,5
1027,3,0,23,6
1028,1,0,27,5
1028,2,0,23,6
1028,3,1,31,3
1029,1,1,35,3
1029,2,0,31,4
1029,3,0,27,6
1030,1,0,23,6
1030,2,0,27,4
1030,3,1,31,3
1031,1,0,23,6
1031,2,1,27,4
1031,3,0,35,3
1032,1,0,27,5
1032,2,0,35,4
1032,3,1,23,6
1033,1,0,35,3
1033,2,1,23,5
1033,3,0,31,4
1034,1,0,27,4
1034,2,1,23,5
1034,3,0,35,3
1035,1,1,35,3
1035,2,0,27,6
1035,3,0,31,5
1036,1,0,23,6
1036,2,0,27,5
1036,3,1,35,3
1037,1,1,35,3
1037,2,0,31,5
1037,3,0,23,6
1038,1,0,27,5
1038,2,0,23,6
1038,3,1,31,3
1039,1,0,35,3
1039,2,1,31,4
1039,3,0,27,6
1040,1,0,23,6
1040,2,1,27,4
1040,3,0,31,3
1041,1,0,23,6
1041,2,0,27,4
1041,3,1,35,3
1042,1,1,27,5
1042,2,0,35,4
1042,3,0,23,6
1043,1,0,35,3
1043,2,1,23,5
1043,3,0,31,4
1044,1,0,27,4
1044,2,1,23,5
1044,3,0,35,3
1045,1,1,35,3
1045,2,0,27,6
1045,3,0,31,5
1046,1,0,23,6
1046,2,1,27,5
1046,3,0,35,3
1047,1,0,35,3
1047,2,0,31,5
1047,3,1,23,6
1048,1,1,27,5
1048,2,0,23,6
1048,3,0,31,3
1049,1,0,35,3
1049,2,1,31,4
1049,3,0,27,6
1050,1,0,23,6
1050,2,1,27,4
1050,3,0,31,3
1051,1,0,23,6
1051,2,1,27,4
1051,3,0,35,3
1052,1,1,27,5
1052,2,0,35,4
1052,3,0,23,6
1053,1,0,35,3
1053,2,1,23,5
1053,3,0,31,4
1054,1,1,27,4
1054,2,0,23,5
1054,3,0,35,3
1055,1,0,35,3
1055,2,1,27,6
1055,3,0,31,5
1056,1,1,23,6
1056,2,0,27,5
1056,3,0,35,3
1057,1,0,35,3
1057,2,0,31,5
1057,3,1,23,6
1058,1,1,27,5
1058,2,0,23,6
1058,3,0,31,3
1059,1,0,35,3
1059,2,1,31,4
1059,3,0,27,6
1060,1,0,23,6
1060,2,1,27,4
1060,3,0,31,3
