id,alt,ich,och,icca,occa,income,inc.cooling,inc.room,int.cooling,choice
1,1,9.7,2.26,27.28,2.95,20,20,0,1,4
1,2,11.36,1.73,27.28,2.95,20,20,0,1,4
1,3,7.86,4.09,27.28,2.95,20,20,0,1,4
1,4,8.79,3.85,27.28,2.95,20,20,20,1,4
1,5,24.08,2.26,0,0,20,0,0,0,4
1,6,24.5,4.09,0,0,20,0,0,0,4
1,7,7.37,3.85,0,0,20,0,20,0,4
2,1,8.77,2.3,26.49,1.63,50,50,0,1,7
2,2,9.37,1.65,26.49,1.63,50,50,0,1,7
2,3,8.69,2.69,26.49,1.63,50,50,0,1,7
2,4,7.09,3.45,26.49,1.63,50,50,50,1,7
2,5,28,2.3,0,0,50,0,0,0,7
2,6,32.71,2.69,0,0,50,0,0,0,7
2,7,9.33,3.45,0,0,50,0,50,0,7
3,1,7.43,2.28,22.63,2.18,50,50,0,1,6
3,2,11.7,1.44,22.63,2.18,50,50,0,1,6
3,3,8.86,5.25,22.63,2.18,50,50,0,1,6
3,4,6.94,4.35,22.63,2.18,50,50,50,1,6
3,5,25.71,2.28,0,0,50,0,0,0,6
3,6,31.68,5.25,0,0,50,0,0,0,6
3,7,8.14,4.35,0,0,50,0,50,0,6
4,1,9.18,2.62,25.33,2.7,50,50,0,1,6
4,2,12.13,1.93,25.33,2.7,50,50,0,1,6
4,3,8.93,4.89,25.33,2.7,50,50,0,1,6
4,4,7.22,4.85,25.33,2.7,50,50,50,1,6
4,5,29.72,2.62,0,0,50,0,0,0,6
4,6,26.73,4.89,0,0,50,0,0,0,6
4,7,8.04,4.85,0,0,50,0,50,0,6
5,1,8.05,2.52,25.45,2.77,60,60,0,1,6
5,2,10.51,1.63,25.45,2.77,60,60,0,1,6
5,3,7.02,3.71,25.45,2.77,60,60,0,1,6
5,4,8.44,3.64,25.45,2.77,60,60,60,1,6
5,5,23.9,2.52,0,0,60,0,0,0,6
5,6,28.35,3.71,0,0,60,0,0,0,6
5,7,7.15,3.64,0,0,60,0,60,0,6
6,1,9.32,1.99,19.93,2.68,30,30,0,1,6
6,2,12.57,1.3,19.93,2.68,30,30,0,1,6
6,3,8.03,3.2,19.93,2.68,30,30,0,1,6
6,4,6.22,4.3,19.93,2.68,30,30,30,1,6
6,5,27.02,1.99,0,0,30,0,0,0,6
6,6,21.37,3.2,0,0,30,0,0,0,6
6,7,8.6,4.3,0,0,30,0,30,0,6
7,1,7.11,2.06,27.04,2.12,30,30,0,1,5
7,2,12.39,1.52,27.04,2.12,30,30,0,1,5
7,3,8.78,3.74,27.04,2.12,30,30,0,1,5
7,4,7.36,4.02,27.04,2.12,30,30,30,1,5
7,5,22.93,2.06,0,0,30,0,0,0,5
7,6,28.63,3.74,0,0,30,0,0,0,5
7,7,6.41,4.02,0,0,30,0,30,0,5
8,1,9.38,2.42,18.1,2.95,50,50,0,1,7
8,2,8.93,1.63,18.1,2.95,50,50,0,1,7
8,3,7.48,4.59,18.1,2.95,50,50,0,1,7
8,4,6.72,4.11,18.1,2.95,50,50,50,1,7
8,5,26.24,2.42,0,0,50,0,0,0,7
8,6,27.86,4.59,0,0,50,0,0,0,7
8,7,7.3,4.11,0,0,50,0,50,0,7
9,1,8.08,2.36,22.56,2.38,40,40,0,1,6
9,2,11.16,1.3,22.56,2.38,40,40,0,1,6
9,3,7.39,4.07,22.56,2.38,40,40,0,1,6
9,4,8.79,3.53,22.56,2.38,40,40,40,1,6
9,5,23.02,2.36,0,0,40,0,0,0,6
9,6,22.6,4.07,0,0,40,0,0,0,6
9,7,7.85,3.53,0,0,40,0,40,0,6
10,1,6.24,2.24,25.75,2.08,60,60,0,1,6
10,2,8.28,1.77,25.75,2.08,60,60,0,1,6
10,3,4.88,4.27,25.75,2.08,60,60,0,1,6
10,4,7.46,5.14,25.75,2.08,60,60,60,1,6
10,5,19.82,2.24,0,0,60,0,0,0,6
10,6,27.51,4.27,0,0,60,0,0,0,6
10,7,6.88,5.14,0,0,60,0,60,0,6
11,1,9.63,1.85,23.66,1.83,70,70,0,1,6
11,2,12.87,1.28,23.66,1.83,70,70,0,1,6
11,3,8.7,3.66,23.66,1.83,70,70,0,1,6
11,4,9.24,3.46,23.66,1.83,70,70,70,1,6
11,5,23.72,1.85,0,0,70,0,0,0,6
11,6,27.29,3.66,0,0,70,0,0,0,6
11,7,9.42,3.46,0,0,70,0,70,0,6
12,1,7.41,2.61,21.24,2.47,50,50,0,1,6
12,2,10.94,1.38,21.24,2.47,50,50,0,1,6
12,3,9.97,4.03,21.24,2.47,50,50,0,1,6
12,4,9.16,4.76,21.24,2.47,50,50,50,1,6
12,5,23.89,2.61,0,0,50,0,0,0,6
12,6,27.68,4.03,0,0,50,0,0,0,6
12,7,6.77,4.76,0,0,50,0,50,0,6
13,1,5.84,2.29,29.06,1.82,70,70,0,1,6
13,2,8.38,1.7,29.06,1.82,70,70,0,1,6
13,3,8.17,3.64,29.06,1.82,70,70,0,1,6
13,4,7.21,4.08,29.06,1.82,70,70,70,1,6
13,5,21.87,2.29,0,0,70,0,0,0,6
13,6,22.93,3.64,0,0,70,0,0,0,6
13,7,5.93,4.08,0,0,70,0,70,0,6
14,1,8.02,2.14,18.06,2.55,50,50,0,1,6
14,2,11.31,1.61,18.06,2.55,50,50,0,1,6
14,3,11.19,5.21,18.06,2.55,50,50,0,1,6
14,4,7.87,3.8,18.06,2.55,50,50,50,1,6
14,5,25.88,2.14,0,0,50,0,0,0,6
14,6,25.59,5.21,0,0,50,0,0,0,6
14,7,9.3,3.8,0,0,50,0,50,0,6
15,1,9.28,1.95,20.8,2.81,50,50,0,1,6
15,2,12.67,1.75,20.8,2.81,50,50,0,1,6
15,3,9.54,4.2,20.8,2.81,50,50,0,1,6
15,4,6.97,4.43,20.8,2.81,50,50,50,1,6
15,5,26.44,1.95,0,0,50,0,0,0,6
15,6,30.49,4.2,0,0,50,0,0,0,6
15,7,8.21,4.43,0,0,50,0,50,0,6
16,1,8.33,2.32,24.98,1.89,60,60,0,1,6
16,2,10.12,1.18,24.98,1.89,60,60,0,1,6
16,3,9.2,3.75,24.98,1.89,60,60,0,1,6
16,4,7.09,4.18,24.98,1.89,60,60,60,1,6
16,5,22.86,2.32,0,0,60,0,0,0,6
16,6,25.13,3.75,0,0,60,0,0,0,6
16,7,9.84,4.18,0,0,60,0,60,0,6
17,1,6.12,2.05,25.63,2.61,60,60,0,1,6
17,2,9.57,1.46,25.63,2.61,60,60,0,1,6
17,3,6.57,4.71,25.63,2.61,60,60,0,1,6
17,4,7.88,4.44,25.63,2.61,60,60,60,1,6
17,5,17.73,2.05,0,0,60,0,0,0,6
17,6,25.91,4.71,0,0,60,0,0,0,6
17,7,6.79,4.44,0,0,60,0,60,0,6
18,1,5.63,2.3,22.9,2.63,20,20,0,1,5
18,2,8.25,1.71,22.9,2.63,20,20,0,1,5
18,3,6.22,4.05,22.9,2.63,20,20,0,1,5
18,4,6.56,3.68,22.9,2.63,20,20,20,1,5
18,5,17.16,2.3,0,0,20,0,0,0,5
18,6,16.64,4.05,0,0,20,0,0,0,5
18,7,7.69,3.68,0,0,20,0,20,0,5
19,1,6.92,2.1,25.5,2.23,30,30,0,1,6
19,2,11.09,1.42,25.5,2.23,30,30,0,1,6
19,3,8.33,3.7,25.5,2.23,30,30,0,1,6
19,4,7.3,5.27,25.5,2.23,30,30,30,1,6
19,5,21.72,2.1,0,0,30,0,0,0,6
19,6,25.55,3.7,0,0,30,0,0,0,6
19,7,8.59,5.27,0,0,30,0,30,0,6
20,1,8.29,2.26,20.8,2.84,30,30,0,1,6
20,2,11.19,1.5,20.8,2.84,30,30,0,1,6
20,3,11.37,3.78,20.8,2.84,30,30,0,1,6
20,4,9.09,4.85,20.8,2.84,30,30,30,1,6
20,5,26.95,2.26,0,0,30,0,0,0,6
20,6,28.08,3.78,0,0,30,0,0,0,6
20,7,10.61,4.85,0,0,30,0,30,0,6
21,1,9.81,2.16,25.21,2.25,30,30,0,1,6
21,2,10.68,1.38,25.21,2.25,30,30,0,1,6
21,3,8.33,2.84,25.21,2.25,30,30,0,1,6
21,4,7.34,3.5,25.21,2.25,30,30,30,1,6
21,5,32.54,2.16,0,0,30,0,0,0,6
21,6,27.89,2.84,0,0,30,0,0,0,6
21,7,7.33,3.5,0,0,30,0,30,0,6
22,1,6.67,2.74,25.65,2.1,40,40,0,1,7
22,2,8.81,1.26,25.65,2.1,40,40,0,1,7
22,3,9.08,3.16,25.65,2.1,40,40,0,1,7
22,4,8.52,4.73,25.65,2.1,40,40,40,1,7
22,5,22.04,2.74,0,0,40,0,0,0,7
22,6,26.42,3.16,0,0,40,0,0,0,7
22,7,8.34,4.73,0,0,40,0,40,0,7
23,1,8.95,2.42,25.21,2.83,50,50,0,1,5
23,2,9.52,1.37,25.21,2.83,50,50,0,1,5
23,3,8.06,4.07,25.21,2.83,50,50,0,1,5
23,4,6.34,3.33,25.21,2.83,50,50,50,1,5
23,5,14.5,2.42,0,0,50,0,0,0,5
23,6,25.92,4.07,0,0,50,0,0,0,5
23,7,6.94,3.33,0,0,50,0,50,0,5
24,1,9.82,2.38,24.28,2.54,30,30,0,1,6
24,2,12.88,1.39,24.28,2.54,30,30,0,1,6
24,3,9.18,4.29,24.28,2.54,30,30,0,1,6
24,4,8.06,3.82,24.28,2.54,30,30,30,1,6
24,5,25.94,2.38,0,0,30,0,0,0,6
24,6,29.64,4.29,0,0,30,0,0,0,6
24,7,6.37,3.82,0,0,30,0,30,0,6
25,1,6.6,2.19,20.04,2.84,20,20,0,1,6
25,2,10.83,0.96,20.04,2.84,20,20,0,1,6
25,3,9.59,2.89,20.04,2.84,20,20,0,1,6
25,4,10.7,4.54,20.04,2.84,20,20,20,1,6
25,5,22.04,2.19,0,0,20,0,0,0,6
25,6,29.4,2.89,0,0,20,0,0,0,6
25,7,8.43,4.54,0,0,20,0,20,0,6
26,1,8.94,2.41,30.59,2.03,30,30,0,1,7
26,2,9.81,1.65,30.59,2.03,30,30,0,1,7
26,3,8.38,3.63,30.59,2.03,30,30,0,1,7
26,4,8.09,3.78,30.59,2.03,30,30,30,1,7
26,5,25.41,2.41,0,0,30,0,0,0,7
26,6,20.63,3.63,0,0,30,0,0,0,7
26,7,9.17,3.78,0,0,30,0,30,0,7
27,1,6.21,2.2,27.79,2.85,70,70,0,1,6
27,2,7.85,1.37,27.79,2.85,70,70,0,1,6
27,3,10.16,4.85,27.79,2.85,70,70,0,1,6
27,4,7.67,4.37,27.79,2.85,70,70,70,1,6
27,5,26.04,2.2,0,0,70,0,0,0,6
27,6,26.77,4.85,0,0,70,0,0,0,6
27,7,9.15,4.37,0,0,70,0,70,0,6
28,1,6.63,1.53,25.58,2.65,60,60,0,1,6
28,2,10.41,1.52,25.58,2.65,60,60,0,1,6
28,3,7.85,3.3,25.58,2.65,60,60,0,1,6
28,4,7.57,4.6,25.58,2.65,60,60,60,1,6
28,5,23.98,1.53,0,0,60,0,0,0,6
28,6,25.89,3.3,0,0,60,0,0,0,6
28,7,5.75,4.6,0,0,60,0,60,0,6
29,1,6.06,1.54,22.52,2.3,20,20,0,1,5
29,2,13.31,1.44,22.52,2.3,20,20,0,1,5
29,3,7.01,4.61,22.52,2.3,20,20,0,1,5
29,4,6.29,4.43,22.52,2.3,20,20,20,1,5
29,5,23.11,1.54,0,0,20,0,0,0,5
29,6,18.5,4.61,0,0,20,0,0,0,5
29,7,6.22,4.43,0,0,20,0,20,0,5
30,1,9.73,2.29,29.06,2.5,40,40,0,1,6
30,2,13.12,1.49,29.06,2.5,40,40,0,1,6
30,3,7.55,5.08,29.06,2.5,40,40,0,1,6
30,4,8.2,4.3,29.06,2.5,40,40,40,1,6
30,5,26.53,2.29,0,0,40,0,0,0,6
30,6,25.58,5.08,0,0,40,0,0,0,6
30,7,5.8,4.3,0,0,40,0,40,0,6
31,1,6.56,1.95,22.56,2.58,70,70,0,1,6
31,2,11.26,1.45,22.56,2.58,70,70,0,1,6
31,3,8.81,4.06,22.56,2.58,70,70,0,1,6
31,4,4.5,4.21,22.56,2.58,70,70,70,1,6
31,5,21.15,1.95,0,0,70,0,0,0,6
31,6,18.37,4.06,0,0,70,0,0,0,6
31,7,7.55,4.21,0,0,70,0,70,0,6
32,1,8.41,2.38,25.72,2.81,20,20,0,1,3
32,2,10.85,1.27,25.72,2.81,20,20,0,1,3
32,3,9.09,4.2,25.72,2.81,20,20,0,1,3
32,4,7.38,4.02,25.72,2.81,20,20,20,1,3
32,5,26.43,2.38,0,0,20,0,0,0,3
32,6,25.96,4.2,0,0,20,0,0,0,3
32,7,6.11,4.02,0,0,20,0,20,0,3
33,1,8.22,1.77,26.09,2.46,60,60,0,1,6
33,2,10.7,1.07,26.09,2.46,60,60,0,1,6
33,3,7.97,4.32,26.09,2.46,60,60,0,1,6
33,4,8.56,3.17,26.09,2.46,60,60,60,1,6
33,5,20.42,1.77,0,0,60,0,0,0,6
33,6,20.58,4.32,0,0,60,0,0,0,6
33,7,7.78,3.17,0,0,60,0,60,0,6
34,1,11.16,2.12,26.17,2.53,50,50,0,1,6
34,2,9.54,1.53,26.17,2.53,50,50,0,1,6
34,3,8.08,3.33,26.17,2.53,50,50,0,1,6
34,4,8.17,4.83,26.17,2.53,50,50,50,1,6
34,5,24.66,2.12,0,0,50,0,0,0,6
34,6,24.48,3.33,0,0,50,0,0,0,6
34,7,7.39,4.83,0,0,50,0,50,0,6
35,1,8.83,2.2,23.07,2.65,60,60,0,1,7
35,2,11.1,1.67,23.07,2.65,60,60,0,1,7
35,3,8.62,3.17,23.07,2.65,60,60,0,1,7
35,4,9.8,3.44,23.07,2.65,60,60,60,1,7
35,5,22.72,2.2,0,0,60,0,0,0,7
35,6,25.63,3.17,0,0,60,0,0,0,7
35,7,8.62,3.44,0,0,60,0,60,0,7
36,1,8.37,2.35,31.17,1.99,30,30,0,1,6
36,2,12.28,1.75,31.17,1.99,30,30,0,1,6
36,3,7.04,4.31,31.17,1.99,30,30,0,1,6
36,4,7.37,3.54,31.17,1.99,30,30,30,1,6
36,5,28.43,2.35,0,0,30,0,0,0,6
36,6,25.55,4.31,0,0,30,0,0,0,6
36,7,9.58,3.54,0,0,30,0,30,0,6
37,1,9.93,3.03,25.8,2.45,30,30,0,1,6
37,2,15.02,1.95,25.8,2.45,30,30,0,1,6
37,3,9.65,4.46,25.8,2.45,30,30,0,1,6
37,4,9.28,4.56,25.8,2.45,30,30,30,1,6
37,5,26.45,3.03,0,0,30,0,0,0,6
37,6,27.15,4.46,0,0,30,0,0,0,6
37,7,9.31,4.56,0,0,30,0,30,0,6
38,1,8.52,2.17,28.3,2.55,30,30,0,1,6
38,2,6.86,1.84,28.3,2.55,30,30,0,1,6
38,3,7.59,3.81,28.3,2.55,30,30,0,1,6
38,4,9.33,4.23,28.3,2.55,30,30,30,1,6
38,5,26.67,2.17,0,0,30,0,0,0,6
38,6,21.94,3.81,0,0,30,0,0,0,6
38,7,8.33,4.23,0,0,30,0,30,0,6
39,1,7.13,1.93,24.96,2.42,40,40,0,1,6
39,2,12.73,1.51,24.96,2.42,40,40,0,1,6
39,3,10.14,4.17,24.96,2.42,40,40,0,1,6
39,4,6.9,5.01,24.96,2.42,40,40,40,1,6
39,5,25.51,1.93,0,0,40,0,0,0,6
39,6,29.13,4.17,0,0,40,0,0,0,6
39,7,9.16,5.01,0,0,40,0,40,0,6
40,1,4.99,1.91,29.19,2.07,40,40,0,1,6
40,2,9.88,1.1,29.19,2.07,40,40,0,1,6
40,3,7.71,2.33,29.19,2.07,40,40,0,1,6
40,4,6.82,3.33,29.19,2.07,40,40,40,1,6
40,5,13.53,1.91,0,0,40,0,0,0,6
40,6,21.83,2.33,0,0,40,0,0,0,6
40,7,7.1,3.33,0,0,40,0,40,0,6
41,1,5.94,2,24.54,2.51,70,70,0,1,6
41,2,11.62,1.29,24.54,2.51,70,70,0,1,6
41,3,6.98,3.72,24.54,2.51,70,70,0,1,6
41,4,5.97,4.19,24.54,2.51,70,70,70,1,6
41,5,20.49,2,0,0,70,0,0,0,6
41,6,20.1,3.72,0,0,70,0,0,0,6
41,7,7.22,4.19,0,0,70,0,70,0,6
42,1,7.17,1.95,24.42,2.04,70,70,0,1,6
42,2,9.38,1.53,24.42,2.04,70,70,0,1,6
42,3,7.68,3.93,24.42,2.04,70,70,0,1,6
42,4,7.05,3.7,24.42,2.04,70,70,70,1,6
42,5,16.25,1.95,0,0,70,0,0,0,6
42,6,17.33,3.93,0,0,70,0,0,0,6
42,7,7.16,3.7,0,0,70,0,70,0,6
43,1,6.75,2.47,24.41,2.14,30,30,0,1,6
43,2,9.67,1.51,24.41,2.14,30,30,0,1,6
43,3,7.22,3.95,24.41,2.14,30,30,0,1,6
43,4,6.96,4.61,24.41,2.14,30,30,30,1,6
43,5,24.14,2.47,0,0,30,0,0,0,6
43,6,20.53,3.95,0,0,30,0,0,0,6
43,7,5.42,4.61,0,0,30,0,30,0,6
44,1,8.41,2.31,27.19,2.08,40,40,0,1,6
44,2,11.7,1.44,27.19,2.08,40,40,0,1,6
44,3,9.77,4.27,27.19,2.08,40,40,0,1,6
44,4,7.49,3.81,27.19,2.08,40,40,40,1,6
44,5,22.5,2.31,0,0,40,0,0,0,6
44,6,24.37,4.27,0,0,40,0,0,0,6
44,7,8.49,3.81,0,0,40,0,40,0,6
45,1,9.27,2.72,22.54,3.37,20,20,0,1,3
45,2,10.37,1.46,22.54,3.37,20,20,0,1,3
45,3,9.82,4.15,22.54,3.37,20,20,0,1,3
45,4,9.11,4.41,22.54,3.37,20,20,20,1,3
45,5,28.22,2.72,0,0,20,0,0,0,3
45,6,25.75,4.15,0,0,20,0,0,0,3
45,7,9.5,4.41,0,0,20,0,20,0,3
46,1,7.64,2.26,22.23,2.92,50,50,0,1,6
46,2,11.37,1.85,22.23,2.92,50,50,0,1,6
46,3,8,5.04,22.23,2.92,50,50,0,1,6
46,4,10.23,4.79,22.23,2.92,50,50,50,1,6
46,5,24.43,2.26,0,0,50,0,0,0,6
46,6,26.28,5.04,0,0,50,0,0,0,6
46,7,7.47,4.79,0,0,50,0,50,0,6
47,1,8.94,2.42,24.75,2.59,60,60,0,1,6
47,2,10.51,1.4,24.75,2.59,60,60,0,1,6
47,3,7.56,4.73,24.75,2.59,60,60,0,1,6
47,4,8.82,4.57,24.75,2.59,60,60,60,1,6
47,5,23.91,2.42,0,0,60,0,0,0,6
47,6,28.08,4.73,0,0,60,0,0,0,6
47,7,8.17,4.57,0,0,60,0,60,0,6
48,1,6.34,1.98,24.42,2.48,20,20,0,1,6
48,2,8.37,1.39,24.42,2.48,20,20,0,1,6
48,3,5.54,3.55,24.42,2.48,20,20,0,1,6
48,4,9,4.29,24.42,2.48,20,20,20,1,6
48,5,25.95,1.98,0,0,20,0,0,0,6
48,6,22.81,3.55,0,0,20,0,0,0,6
48,7,6.49,4.29,0,0,20,0,20,0,6
49,1,6.22,1.72,21.28,3.3,60,60,0,1,6
49,2,11.48,1.45,21.28,3.3,60,60,0,1,6
49,3,6.13,4.05,21.28,3.3,60,60,0,1,6
49,4,8.92,3.96,21.28,3.3,60,60,60,1,6
49,5,23.21,1.72,0,0,60,0,0,0,6
49,6,21.4,4.05,0,0,60,0,0,0,6
49,7,6.26,3.96,0,0,60,0,60,0,6
50,1,8.81,2.77,30.87,2.48,30,30,0,1,7
50,2,10.17,1.53,30.87,2.48,30,30,0,1,7
50,3,9.16,3.93,30.87,2.48,30,30,0,1,7
50,4,7.52,3.87,30.87,2.48,30,30,30,1,7
50,5,24.69,2.77,0,0,30,0,0,0,7
50,6,30.09,3.93,0,0,30,0,0,0,7
50,7,9.05,3.87,0,0,30,0,30,0,7
51,1,8.77,2.22,25.77,2.65,30,30,0,1,6
51,2,9.81,1.56,25.77,2.65,30,30,0,1,6
51,3,7.57,3.29,25.77,2.65,30,30,0,1,6
51,4,4.92,4.66,25.77,2.65,30,30,30,1,6
51,5,23.96,2.22,0,0,30,0,0,0,6
51,6,21.84,3.29,0,0,30,0,0,0,6
51,7,8.75,4.66,0,0,30,0,30,0,6
52,1,8.89,2.22,24.11,2.53,70,70,0,1,6
52,2,12.24,1.66,24.11,2.53,70,70,0,1,6
52,3,9.18,3.15,24.11,2.53,70,70,0,1,6
52,4,7.99,4.3,24.11,2.53,70,70,70,1,6
52,5,24.25,2.22,0,0,70,0,0,0,6
52,6,28.69,3.15,0,0,70,0,0,0,6
52,7,8.2,4.3,0,0,70,0,70,0,6
53,1,9.26,2.8,26.39,2.72,70,70,0,1,7
53,2,11.16,1.54,26.39,2.72,70,70,0,1,7
53,3,9.19,4.1,26.39,2.72,70,70,0,1,7
53,4,8.41,4.68,26.39,2.72,70,70,70,1,7
53,5,27.67,2.8,0,0,70,0,0,0,7
53,6,28.72,4.1,0,0,70,0,0,0,7
53,7,8.19,4.68,0,0,70,0,70,0,7
54,1,7.65,2.24,22.44,2.58,50,50,0,1,6
54,2,12.25,1.55,22.44,2.58,50,50,0,1,6
54,3,9.95,5.03,22.44,2.58,50,50,0,1,6
54,4,8.43,4.92,22.44,2.58,50,50,50,1,6
54,5,29.49,2.24,0,0,50,0,0,0,6
54,6,28.43,5.03,0,0,50,0,0,0,6
54,7,8.33,4.92,0,0,50,0,50,0,6
55,1,8.28,2.06,22.33,2.59,30,30,0,1,6
55,2,9.02,1.69,22.33,2.59,30,30,0,1,6
55,3,10.13,4.56,22.33,2.59,30,30,0,1,6
55,4,8.21,3.36,22.33,2.59,30,30,30,1,6
55,5,25.79,2.06,0,0,30,0,0,0,6
55,6,19.96,4.56,0,0,30,0,0,0,6
55,7,6.98,3.36,0,0,30,0,30,0,6
56,1,8.91,1.96,22.03,2.47,70,70,0,1,6
56,2,12.3,1.83,22.03,2.47,70,70,0,1,6
56,3,8.49,4.61,22.03,2.47,70,70,0,1,6
56,4,9.23,4.13,22.03,2.47,70,70,70,1,6
56,5,34.09,1.96,0,0,70,0,0,0,6
56,6,28.72,4.61,0,0,70,0,0,0,6
56,7,8.38,4.13,0,0,70,0,70,0,6
57,1,5.37,2.7,25.65,2.41,40,40,0,1,6
57,2,9.86,1.58,25.65,2.41,40,40,0,1,6
57,3,9.26,3.78,25.65,2.41,40,40,0,1,6
57,4,7.5,4.42,25.65,2.41,40,40,40,1,6
57,5,31.13,2.7,0,0,40,0,0,0,6
57,6,23.89,3.78,0,0,40,0,0,0,6
57,7,9.16,4.42,0,0,40,0,40,0,6
58,1,8.65,2.46,29.95,2.53,70,70,0,1,6
58,2,10.14,1.46,29.95,2.53,70,70,0,1,6
58,3,9.55,4.11,29.95,2.53,70,70,0,1,6
58,4,7.93,3.6,29.95,2.53,70,70,70,1,6
58,5,25.28,2.46,0,0,70,0,0,0,6
58,6,29.61,4.11,0,0,70,0,0,0,6
58,7,9.07,3.6,0,0,70,0,70,0,6
59,1,8.76,2.2,28.72,2,70,70,0,1,6
59,2,10.49,1.73,28.72,2,70,70,0,1,6
59,3,9.3,4.79,28.72,2,70,70,0,1,6
59,4,8.25,4.35,28.72,2,70,70,70,1,6
59,5,22.75,2.2,0,0,70,0,0,0,6
59,6,28.3,4.79,0,0,70,0,0,0,6
59,7,7.14,4.35,0,0,70,0,70,0,6
60,1,7.53,2.84,26.13,2.97,30,30,0,1,6
60,2,9.32,1.55,26.13,2.97,30,30,0,1,6
60,3,8.76,5.92,26.13,2.97,30,30,0,1,6
60,4,7.89,4.82,26.13,2.97,30,30,30,1,6
60,5,31.86,2.84,0,0,30,0,0,0,6
60,6,29.79,5.92,0,0,30,0,0,0,6
60,7,8.43,4.82,0,0,30,0,30,0,6
61,1,5.28,1.53,26.64,2.33,40,40,0,1,6
61,2,9.3,1.05,26.64,2.33,40,40,0,1,6
61,3,9.47,3.81,26.64,2.33,40,40,0,1,6
61,4,5.46,3.64,26.64,2.33,40,40,40,1,6
61,5,16.77,1.53,0,0,40,0,0,0,6
61,6,20.83,3.81,0,0,40,0,0,0,6
61,7,5.66,3.64,0,0,40,0,40,0,6
62,1,7.98,1.97,19.1,3.1,60,60,0,1,6
62,2,11.28,1.41,19.1,3.1,60,60,0,1,6
62,3,10.06,3.21,19.1,3.1,60,60,0,1,6
62,4,6.09,4.64,19.1,3.1,60,60,60,1,6
62,5,24.07,1.97,0,0,60,0,0,0,6
62,6,28.07,3.21,0,0,60,0,0,0,6
62,7,8.01,4.64,0,0,60,0,60,0,6
63,1,6.12,2.38,27.19,2.6,60,60,0,1,6
63,2,9.83,1.44,27.19,2.6,60,60,0,1,6
63,3,9.02,4.65,27.19,2.6,60,60,0,1,6
63,4,7.75,4.39,27.19,2.6,60,60,60,1,6
63,5,18.49,2.38,0,0,60,0,0,0,6
63,6,22.11,4.65,0,0,60,0,0,0,6
63,7,6.96,4.39,0,0,60,0,60,0,6
64,1,7.65,2.61,28.94,2.17,30,30,0,1,5
64,2,9.8,1.49,28.94,2.17,30,30,0,1,5
64,3,9.15,4.5,28.94,2.17,30,30,0,1,5
64,4,7.45,3.79,28.94,2.17,30,30,30,1,5
64,5,23.05,2.61,0,0,30,0,0,0,5
64,6,27.91,4.5,0,0,30,0,0,0,5
64,7,7.68,3.79,0,0,30,0,30,0,5
65,1,7.93,2.24,22.18,2.89,30,30,0,1,7
65,2,9.96,1.26,22.18,2.89,30,30,0,1,7
65,3,10.13,3.39,22.18,2.89,30,30,0,1,7
65,4,8.08,3.56,22.18,2.89,30,30,30,1,7
65,5,29.71,2.24,0,0,30,0,0,0,7
65,6,29.03,3.39,0,0,30,0,0,0,7
65,7,8.13,3.56,0,0,30,0,30,0,7
66,1,9.27,2.08,22.41,2.34,60,60,0,1,6
66,2,9.82,1.51,22.41,2.34,60,60,0,1,6
66,3,8.22,4.1,22.41,2.34,60,60,0,1,6
66,4,8.11,4.66,22.41,2.34,60,60,60,1,6
66,5,25.97,2.08,0,0,60,0,0,0,6
66,6,22.79,4.1,0,0,60,0,0,0,6
66,7,6.94,4.66,0,0,60,0,60,0,6
67,1,8.13,1.86,22.78,2.42,20,20,0,1,3
67,2,9.81,1.19,22.78,2.42,20,20,0,1,3
67,3,9.72,3.53,22.78,2.42,20,20,0,1,3
67,4,10.37,3.35,22.78,2.42,20,20,20,1,3
67,5,25.39,1.86,0,0,20,0,0,0,3
67,6,30.72,3.53,0,0,20,0,0,0,3
67,7,8.52,3.35,0,0,20,0,20,0,3
68,1,9.43,2.36,27.65,2.25,40,40,0,1,6
68,2,13.25,1.5,27.65,2.25,40,40,0,1,6
68,3,12.06,4.57,27.65,2.25,40,40,0,1,6
68,4,10.31,4.91,27.65,2.25,40,40,40,1,6
68,5,28.95,2.36,0,0,40,0,0,0,6
68,6,33.1,4.57,0,0,40,0,0,0,6
68,7,10.53,4.91,0,0,40,0,40,0,6
69,1,6.68,1.82,25.65,2.9,60,60,0,1,6
69,2,9.4,1.76,25.65,2.9,60,60,0,1,6
69,3,7.89,3.98,25.65,2.9,60,60,0,1,6
69,4,7.33,3.64,25.65,2.9,60,60,60,1,6
69,5,31.84,1.82,0,0,60,0,0,0,6
69,6,28.2,3.98,0,0,60,0,0,0,6
69,7,8.3,3.64,0,0,60,0,60,0,6
70,1,6.6,1.95,26.01,2.2,70,70,0,1,6
70,2,11.2,1.32,26.01,2.2,70,70,0,1,6
70,3,8.47,3.27,26.01,2.2,70,70,0,1,6
70,4,7.48,3.73,26.01,2.2,70,70,70,1,6
70,5,26.21,1.95,0,0,70,0,0,0,6
70,6,20.65,3.27,0,0,70,0,0,0,6
70,7,6.98,3.73,0,0,70,0,70,0,6
71,1,9.89,2.78,18.32,2.53,50,50,0,1,6
71,2,11.98,1.66,18.32,2.53,50,50,0,1,6
71,3,9.39,4.03,18.32,2.53,50,50,0,1,6
71,4,9.68,3.98,18.32,2.53,50,50,50,1,6
71,5,25.3,2.78,0,0,50,0,0,0,6
71,6,32.74,4.03,0,0,50,0,0,0,6
71,7,8.08,3.98,0,0,50,0,50,0,6
72,1,5.09,2.23,23.74,2.21,40,40,0,1,6
72,2,9.04,1.54,23.74,2.21,40,40,0,1,6
72,3,7.45,4.33,23.74,2.21,40,40,0,1,6
72,4,8.15,4.74,23.74,2.21,40,40,40,1,6
72,5,19.99,2.23,0,0,40,0,0,0,6
72,6,27.51,4.33,0,0,40,0,0,0,6
72,7,7.33,4.74,0,0,40,0,40,0,6
73,1,5.75,2.5,23,2.09,30,30,0,1,6
73,2,9.83,1.79,23,2.09,30,30,0,1,6
73,3,8.24,3.76,23,2.09,30,30,0,1,6
73,4,7.36,4.84,23,2.09,30,30,30,1,6
73,5,21.7,2.5,0,0,30,0,0,0,6
73,6,20.63,3.76,0,0,30,0,0,0,6
73,7,7.63,4.84,0,0,30,0,30,0,6
74,1,4.75,1.71,24.82,2.4,60,60,0,1,6
74,2,7.79,1.19,24.82,2.4,60,60,0,1,6
74,3,6.35,3.83,24.82,2.4,60,60,0,1,6
74,4,7.6,3.45,24.82,2.4,60,60,60,1,6
74,5,23.53,1.71,0,0,60,0,0,0,6
74,6,18.68,3.83,0,0,60,0,0,0,6
74,7,6.6,3.45,0,0,60,0,60,0,6
75,1,8.91,2.05,24.05,2.31,20,20,0,1,3
75,2,14.92,1.41,24.05,2.31,20,20,0,1,3
75,3,10.79,4.96,24.05,2.31,20,20,0,1,3
75,4,10.72,3.84,24.05,2.31,20,20,20,1,3
75,5,30.07,2.05,0,0,20,0,0,0,3
75,6,31.67,4.96,0,0,20,0,0,0,3
75,7,8.6,3.84,0,0,20,0,20,0,3
76,1,7.07,1.74,24.62,2.26,20,20,0,1,5
76,2,8.86,1.42,24.62,2.26,20,20,0,1,5
76,3,8.52,4.24,24.62,2.26,20,20,0,1,5
76,4,6.31,3.96,24.62,2.26,20,20,20,1,5
76,5,23.29,1.74,0,0,20,0,0,0,5
76,6,20.63,4.24,0,0,20,0,0,0,5
76,7,8.3,3.96,0,0,20,0,20,0,5
77,1,9.6,2.42,30.37,2.41,50,50,0,1,6
77,2,10.78,1.24,30.37,2.41,50,50,0,1,6
77,3,9.01,5.22,30.37,2.41,50,50,0,1,6
77,4,8.29,4.37,30.37,2.41,50,50,50,1,6
77,5,31.52,2.42,0,0,50,0,0,0,6
77,6,33.27,5.22,0,0,50,0,0,0,6
77,7,9.41,4.37,0,0,50,0,50,0,6
78,1,5.16,1.63,25.15,2.88,40,40,0,1,6
78,2,7.59,1.61,25.15,2.88,40,40,0,1,6
78,3,8.79,3.24,25.15,2.88,40,40,0,1,6
78,4,8.19,3.09,25.15,2.88,40,40,40,1,6
78,5,27.22,1.63,0,0,40,0,0,0,6
78,6,24.3,3.24,0,0,40,0,0,0,6
78,7,8.02,3.09,0,0,40,0,40,0,6
79,1,8.68,2.2,22.82,2.35,70,70,0,1,7
79,2,9.5,1.41,22.82,2.35,70,70,0,1,7
79,3,7.91,3.96,22.82,2.35,70,70,0,1,7
79,4,6.52,3.98,22.82,2.35,70,70,70,1,7
79,5,29.13,2.2,0,0,70,0,0,0,7
79,6,26.16,3.96,0,0,70,0,0,0,7
79,7,6.46,3.98,0,0,70,0,70,0,7
80,1,7.58,2.2,30.16,2.43,40,40,0,1,6
80,2,11.54,1.39,30.16,2.43,40,40,0,1,6
80,3,7.76,4.57,30.16,2.43,40,40,0,1,6
80,4,6.59,4.31,30.16,2.43,40,40,40,1,6
80,5,29.1,2.2,0,0,40,0,0,0,6
80,6,19.91,4.57,0,0,40,0,0,0,6
80,7,7.95,4.31,0,0,40,0,40,0,6
81,1,7.4,1.53,30.62,2.04,30,30,0,1,6
81,2,8.27,1.49,30.62,2.04,30,30,0,1,6
81,3,7.91,4.37,30.62,2.04,30,30,0,1,6
81,4,7.16,3.61,30.62,2.04,30,30,30,1,6
81,5,22.71,1.53,0,0,30,0,0,0,6
81,6,23.95,4.37,0,0,30,0,0,0,6
81,7,6.81,3.61,0,0,30,0,30,0,6
82,1,8.98,2.25,24.04,2.66,70,70,0,1,7
82,2,10.96,1.18,24.04,2.66,70,70,0,1,7
82,3,7.77,4.35,24.04,2.66,70,70,0,1,7
82,4,9.4,3.13,24.04,2.66,70,70,70,1,7
82,5,30.53,2.25,0,0,70,0,0,0,7
82,6,26.21,4.35,0,0,70,0,0,0,7
82,7,6.66,3.13,0,0,70,0,70,0,7
83,1,8.25,2.65,25.33,2.2,40,40,0,1,6
83,2,12.64,1.79,25.33,2.2,40,40,0,1,6
83,3,8.66,4.15,25.33,2.2,40,40,0,1,6
83,4,9.16,4.45,25.33,2.2,40,40,40,1,6
83,5,29.12,2.65,0,0,40,0,0,0,6
83,6,21.55,4.15,0,0,40,0,0,0,6
83,7,6.52,4.45,0,0,40,0,40,0,6
84,1,10.5,2.22,27.5,2.16,30,30,0,1,7
84,2,10.31,1.57,27.5,2.16,30,30,0,1,7
84,3,9.71,3.25,27.5,2.16,30,30,0,1,7
84,4,9.34,3.87,27.5,2.16,30,30,30,1,7
84,5,31.26,2.22,0,0,30,0,0,0,7
84,6,31.8,3.25,0,0,30,0,0,0,7
84,7,8.1,3.87,0,0,30,0,30,0,7
85,1,6.7,1.91,24.22,2.97,30,30,0,1,6
85,2,10.34,1.39,24.22,2.97,30,30,0,1,6
85,3,8.93,4.35,24.22,2.97,30,30,0,1,6
85,4,5.41,4.03,24.22,2.97,30,30,30,1,6
85,5,24.78,1.91,0,0,30,0,0,0,6
85,6,28.6,4.35,0,0,30,0,0,0,6
85,7,9.37,4.03,0,0,30,0,30,0,6
86,1,9.1,2.7,20.33,2.46,20,20,0,1,6
86,2,10.84,1.16,20.33,2.46,20,20,0,1,6
86,3,6.63,4.29,20.33,2.46,20,20,0,1,6
86,4,8.86,3.94,20.33,2.46,20,20,20,1,6
86,5,25.26,2.7,0,0,20,0,0,0,6
86,6,22.51,4.29,0,0,20,0,0,0,6
86,7,6.14,3.94,0,0,20,0,20,0,6
87,1,7.64,2.15,24.42,2.46,70,70,0,1,6
87,2,9.72,1.67,24.42,2.46,70,70,0,1,6
87,3,7.57,4.84,24.42,2.46,70,70,0,1,6
87,4,7.87,4,24.42,2.46,70,70,70,1,6
87,5,23.89,2.15,0,0,70,0,0,0,6
87,6,22.84,4.84,0,0,70,0,0,0,6
87,7,5.05,4,0,0,70,0,70,0,6
88,1,7.71,2.74,19.67,3.09,50,50,0,1,6
88,2,10.21,1.53,19.67,3.09,50,50,0,1,6
88,3,9.72,4.68,19.67,3.09,50,50,0,1,6
88,4,6.86,4.42,19.67,3.09,50,50,50,1,6
88,5,24.01,2.74,0,0,50,0,0,0,6
88,6,26.19,4.68,0,0,50,0,0,0,6
88,7,7.31,4.42,0,0,50,0,50,0,6
89,1,8.16,2.35,29.19,2.28,60,60,0,1,6
89,2,12,1.82,29.19,2.28,60,60,0,1,6
89,3,9.91,5.1,29.19,2.28,60,60,0,1,6
89,4,8.89,3.5,29.19,2.28,60,60,60,1,6
89,5,29.12,2.35,0,0,60,0,0,0,6
89,6,22.17,5.1,0,0,60,0,0,0,6
89,7,8.39,3.5,0,0,60,0,60,0,6
90,1,8.62,1.67,26.22,2.5,40,40,0,1,6
90,2,10.91,1.65,26.22,2.5,40,40,0,1,6
90,3,9.69,4.49,26.22,2.5,40,40,0,1,6
90,4,7.52,4.63,26.22,2.5,40,40,40,1,6
90,5,29.96,1.67,0,0,40,0,0,0,6
90,6,25.82,4.49,0,0,40,0,0,0,6
90,7,6.8,4.63,0,0,40,0,40,0,6
91,1,8.38,2.24,31.64,2.05,40,40,0,1,6
91,2,11.37,1.71,31.64,2.05,40,40,0,1,6
91,3,8.37,3.22,31.64,2.05,40,40,0,1,6
91,4,8.94,4.35,31.64,2.05,40,40,40,1,6
91,5,24.18,2.24,0,0,40,0,0,0,6
91,6,26.27,3.22,0,0,40,0,0,0,6
91,7,9.52,4.35,0,0,40,0,40,0,6
92,1,7.14,2.63,23.3,2.59,20,20,0,1,6
92,2,12.66,1.47,23.3,2.59,20,20,0,1,6
92,3,8.32,4.67,23.3,2.59,20,20,0,1,6
92,4,8.65,5.19,23.3,2.59,20,20,20,1,6
92,5,24.07,2.63,0,0,20,0,0,0,6
92,6,30.56,4.67,0,0,20,0,0,0,6
92,7,7.2,5.19,0,0,20,0,20,0,6
93,1,7.3,3.09,27.6,2.23,50,50,0,1,6
93,2,11.06,1.67,27.6,2.23,50,50,0,1,6
93,3,8.5,4.59,27.6,2.23,50,50,0,1,6
93,4,9.47,4.98,27.6,2.23,50,50,50,1,6
93,5,27.08,3.09,0,0,50,0,0,0,6
93,6,26.57,4.59,0,0,50,0,0,0,6
93,7,9.14,4.98,0,0,50,0,50,0,6
94,1,8.79,2.15,24.56,2.18,70,70,0,1,6
94,2,10.47,0.87,24.56,2.18,70,70,0,1,6
94,3,9.65,4.32,24.56,2.18,70,70,0,1,6
94,4,9.68,4.23,24.56,2.18,70,70,70,1,6
94,5,25.37,2.15,0,0,70,0,0,0,6
94,6,30.67,4.32,0,0,70,0,0,0,6
94,7,7.83,4.23,0,0,70,0,70,0,6
95,1,8.38,1.69,26.52,2.72,40,40,0,1,6
95,2,12.85,1.46,26.52,2.72,40,40,0,1,6
95,3,9.22,4.51,26.52,2.72,40,40,0,1,6
95,4,8.46,4.65,26.52,2.72,40,40,40,1,6
95,5,26.13,1.69,0,0,40,0,0,0,6
95,6,28.1,4.51,0,0,40,0,0,0,6
95,7,7.95,4.65,0,0,40,0,40,0,6
96,1,8.37,2.66,26.94,2.16,20,20,0,1,6
96,2,11.04,1.06,26.94,2.16,20,20,0,1,6
96,3,8.47,3.97,26.94,2.16,20,20,0,1,6
96,4,9.58,4.5,26.94,2.16,20,20,20,1,6
96,5,26.89,2.66,0,0,20,0,0,0,6
96,6,28,3.97,0,0,20,0,0,0,6
96,7,8.66,4.5,0,0,20,0,20,0,6
97,1,8.44,2.1,26.79,2.6,20,20,0,1,6
97,2,10.59,1.38,26.79,2.6,20,20,0,1,6
97,3,8.94,4.39,26.79,2.6,20,20,0,1,6
97,4,7.83,4.33,26.79,2.6,20,20,20,1,6
97,5,26.99,2.1,0,0,20,0,0,0,6
97,6,30.72,4.39,0,0,20,0,0,0,6
97,7,10.09,4.33,0,0,20,0,20,0,6
98,1,6.88,1.89,23.97,2.55,40,40,0,1,6
98,2,8.87,1.53,23.97,2.55,40,40,0,1,6
98,3,9.59,4.84,23.97,2.55,40,40,0,1,6
98,4,7.32,4.67,23.97,2.55,40,40,40,1,6
98,5,26.86,1.89,0,0,40,0,0,0,6
98,6,24.69,4.84,0,0,40,0,0,0,6
98,7,8.38,4.67,0,0,40,0,40,0,6
99,1,7.21,2.28,24.49,2.56,70,70,0,1,7
99,2,8.8,1.07,24.49,2.56,70,70,0,1,7
99,3,4.83,3.45,24.49,2.56,70,70,0,1,7
99,4,6.28,3.14,24.49,2.56,70,70,70,1,7
99,5,20.85,2.28,0,0,70,0,0,0,7
99,6,21.38,3.45,0,0,70,0,0,0,7
99,7,5.94,3.14,0,0,70,0,70,0,7
100,1,6.88,2.28,24.83,2.4,20,20,0,1,3
100,2,10.4,1.79,24.83,2.4,20,20,0,1,3
100,3,9.27,4,24.83,2.4,20,20,0,1,3
100,4,8.51,3.35,24.83,2.4,20,20,20,1,3
100,5,23.32,2.28,0,0,20,0,0,0,3
100,6,27.78,4,0,0,20,0,0,0,3
100,7,9.01,3.35,0,0,20,0,20,0,3
101,1,8.79,2.61,19.38,2.84,50,50,0,1,6
101,2,11.09,1.75,19.38,2.84,50,50,0,1,6
101,3,9.51,4.78,19.38,2.84,50,50,0,1,6
101,4,9.34,4.42,19.38,2.84,50,50,50,1,6
101,5,25.34,2.61,0,0,50,0,0,0,6
101,6,26.27,4.78,0,0,50,0,0,0,6
101,7,6.73,4.42,0,0,50,0,50,0,6
102,1,7.7,2.26,27.12,2.54,40,40,0,1,6
102,2,9.41,1.72,27.12,2.54,40,40,0,1,6
102,3,8.43,3.63,27.12,2.54,40,40,0,1,6
102,4,9.99,4.14,27.12,2.54,40,40,40,1,6
102,5,27.42,2.26,0,0,40,0,0,0,6
102,6,25.61,3.63,0,0,40,0,0,0,6
102,7,8.83,4.14,0,0,40,0,40,0,6
103,1,9.94,2.08,29.61,2.92,40,40,0,1,6
103,2,9.33,1.54,29.61,2.92,40,40,0,1,6
103,3,11.02,3.99,29.61,2.92,40,40,0,1,6
103,4,9.58,3.27,29.61,2.92,40,40,40,1,6
103,5,30.44,2.08,0,0,40,0,0,0,6
103,6,20.66,3.99,0,0,40,0,0,0,6
103,7,8.9,3.27,0,0,40,0,40,0,6
104,1,7.07,1.9,23.9,2.54,40,40,0,1,6
104,2,8.97,1.09,23.9,2.54,40,40,0,1,6
104,3,5.95,3.21,23.9,2.54,40,40,0,1,6
104,4,6.17,3.81,23.9,2.54,40,40,40,1,6
104,5,22.65,1.9,0,0,40,0,0,0,6
104,6,18.02,3.21,0,0,40,0,0,0,6
104,7,7.25,3.81,0,0,40,0,40,0,6
105,1,7.72,2.64,22.41,2.47,50,50,0,1,6
105,2,8.87,1.96,22.41,2.47,50,50,0,1,6
105,3,7.44,3.21,22.41,2.47,50,50,0,1,6
105,4,7.02,3.85,22.41,2.47,50,50,50,1,6
105,5,27.16,2.64,0,0,50,0,0,0,6
105,6,22.23,3.21,0,0,50,0,0,0,6
105,7,8.05,3.85,0,0,50,0,50,0,6
106,1,7.01,2.32,20.27,2.54,30,30,0,1,6
106,2,12.87,1.38,20.27,2.54,30,30,0,1,6
106,3,8.14,3.67,20.27,2.54,30,30,0,1,6
106,4,7.54,3.99,20.27,2.54,30,30,30,1,6
106,5,32.46,2.32,0,0,30,0,0,0,6
106,6,28.75,3.67,0,0,30,0,0,0,6
106,7,9.65,3.99,0,0,30,0,30,0,6
107,1,9.35,3.09,23.41,2.31,70,70,0,1,7
107,2,10.99,1.71,23.41,2.31,70,70,0,1,7
107,3,7.77,4.68,23.41,2.31,70,70,0,1,7
107,4,7.72,4.33,23.41,2.31,70,70,70,1,7
107,5,25.52,3.09,0,0,70,0,0,0,7
107,6,27.95,4.68,0,0,70,0,0,0,7
107,7,9.65,4.33,0,0,70,0,70,0,7
108,1,8.03,2.18,32.5,1.94,50,50,0,1,6
108,2,11.82,1.16,32.5,1.94,50,50,0,1,6
108,3,9.13,3.23,32.5,1.94,50,50,0,1,6
108,4,9.24,4.22,32.5,1.94,50,50,50,1,6
108,5,29.52,2.18,0,0,50,0,0,0,6
108,6,27.76,3.23,0,0,50,0,0,0,6
108,7,7.11,4.22,0,0,50,0,50,0,6
109,1,9.24,2.49,24.3,2.5,50,50,0,1,6
109,2,9.52,1.88,24.3,2.5,50,50,0,1,6
109,3,7.71,4.34,24.3,2.5,50,50,0,1,6
109,4,8.25,4.08,24.3,2.5,50,50,50,1,6
109,5,29.43,2.49,0,0,50,0,0,0,6
109,6,23.79,4.34,0,0,50,0,0,0,6
109,7,6.12,4.08,0,0,50,0,50,0,6
110,1,8.93,2.52,24.27,2.33,70,70,0,1,6
110,2,9.45,1.5,24.27,2.33,70,70,0,1,6
110,3,7.85,4.13,24.27,2.33,70,70,0,1,6
110,4,8.85,3.67,24.27,2.33,70,70,70,1,6
110,5,20.61,2.52,0,0,70,0,0,0,6
110,6,27.02,4.13,0,0,70,0,0,0,6
110,7,8.01,3.67,0,0,70,0,70,0,6
111,1,7.5,2.45,25.91,2.34,30,30,0,1,5
111,2,10.38,1.73,25.91,2.34,30,30,0,1,5
111,3,8.04,5.18,25.91,2.34,30,30,0,1,5
111,4,6.92,4.18,25.91,2.34,30,30,30,1,5
111,5,20,2.45,0,0,30,0,0,0,5
111,6,24.48,5.18,0,0,30,0,0,0,5
111,7,7.7,4.18,0,0,30,0,30,0,5
112,1,5.07,2.23,28.38,2.45,30,30,0,1,6
112,2,9.6,1.29,28.38,2.45,30,30,0,1,6
112,3,6.02,5.04,28.38,2.45,30,30,0,1,6
112,4,6.85,3.48,28.38,2.45,30,30,30,1,6
112,5,26.11,2.23,0,0,30,0,0,0,6
112,6,21.75,5.04,0,0,30,0,0,0,6
112,7,5.17,3.48,0,0,30,0,30,0,6
113,1,7.15,2.43,25.38,2.06,50,50,0,1,6
113,2,13.17,1.44,25.38,2.06,50,50,0,1,6
113,3,6.81,4.67,25.38,2.06,50,50,0,1,6
113,4,8.66,3.9,25.38,2.06,50,50,50,1,6
113,5,30.65,2.43,0,0,50,0,0,0,6
113,6,26.55,4.67,0,0,50,0,0,0,6
113,7,9.33,3.9,0,0,50,0,50,0,6
114,1,8.44,2.61,24.48,2.3,70,70,0,1,7
114,2,9.96,1.52,24.48,2.3,70,70,0,1,7
114,3,9.92,4.86,24.48,2.3,70,70,0,1,7
114,4,8.22,4.37,24.48,2.3,70,70,70,1,7
114,5,22.96,2.61,0,0,70,0,0,0,7
114,6,25.2,4.86,0,0,70,0,0,0,7
114,7,6.59,4.37,0,0,70,0,70,0,7
115,1,7.43,2.6,29.43,2.47,20,20,0,1,5
115,2,9.17,1.85,29.43,2.47,20,20,0,1,5
115,3,6.44,4.04,29.43,2.47,20,20,0,1,5
115,4,6.52,4.2,29.43,2.47,20,20,20,1,5
115,5,21.3,2.6,0,0,20,0,0,0,5
115,6,17.83,4.04,0,0,20,0,0,0,5
115,7,6.24,4.2,0,0,20,0,20,0,5
116,1,6.68,2.15,28.31,2.37,50,50,0,1,6
116,2,11.22,1.52,28.31,2.37,50,50,0,1,6
116,3,7.05,3.6,28.31,2.37,50,50,0,1,6
116,4,7.61,3.54,28.31,2.37,50,50,50,1,6
116,5,20.03,2.15,0,0,50,0,0,0,6
116,6,19.92,3.6,0,0,50,0,0,0,6
116,7,8.01,3.54,0,0,50,0,50,0,6
117,1,8.78,2.41,31.09,2.7,60,60,0,1,6
117,2,10.32,1.9,31.09,2.7,60,60,0,1,6
117,3,8.37,4.55,31.09,2.7,60,60,0,1,6
117,4,8.74,4.15,31.09,2.7,60,60,60,1,6
117,5,30.26,2.41,0,0,60,0,0,0,6
117,6,26.37,4.55,0,0,60,0,0,0,6
117,7,7.03,4.15,0,0,60,0,60,0,6
118,1,6.9,2.27,25.23,2.63,70,70,0,1,6
118,2,11.47,1.61,25.23,2.63,70,70,0,1,6
118,3,8.45,4.52,25.23,2.63,70,70,0,1,6
118,4,7.37,4.71,25.23,2.63,70,70,70,1,6
118,5,23.6,2.27,0,0,70,0,0,0,6
118,6,30.77,4.52,0,0,70,0,0,0,6
118,7,8.45,4.71,0,0,70,0,70,0,6
119,1,6.7,2.6,22.69,2.52,60,60,0,1,6
119,2,12.4,1.51,22.69,2.52,60,60,0,1,6
119,3,7.38,4.32,22.69,2.52,60,60,0,1,6
119,4,7.91,3.21,22.69,2.52,60,60,60,1,6
119,5,25.4,2.6,0,0,60,0,0,0,6
119,6,27.38,4.32,0,0,60,0,0,0,6
119,7,9.37,3.21,0,0,60,0,60,0,6
120,1,8.66,1.91,30.42,2.14,50,50,0,1,6
120,2,11.27,1.36,30.42,2.14,50,50,0,1,6
120,3,8.97,3.46,30.42,2.14,50,50,0,1,6
120,4,8.54,3.72,30.42,2.14,50,50,50,1,6
120,5,30.65,1.91,0,0,50,0,0,0,6
120,6,28.43,3.46,0,0,50,0,0,0,6
120,7,9.48,3.72,0,0,50,0,50,0,6
121,1,7.37,2.28,23.9,2.65,50,50,0,1,6
121,2,7.3,1.46,23.9,2.65,50,50,0,1,6
121,3,8.48,3.81,23.9,2.65,50,50,0,1,6
121,4,5.07,3.66,23.9,2.65,50,50,50,1,6
121,5,25.05,2.28,0,0,50,0,0,0,6
121,6,22.34,3.81,0,0,50,0,0,0,6
121,7,7.04,3.66,0,0,50,0,50,0,6
122,1,8.38,2.65,24.29,2.59,40,40,0,1,6
122,2,11.03,1.41,24.29,2.59,40,40,0,1,6
122,3,7.67,5.65,24.29,2.59,40,40,0,1,6
122,4,10.01,4.56,24.29,2.59,40,40,40,1,6
122,5,25.46,2.65,0,0,40,0,0,0,6
122,6,25.64,5.65,0,0,40,0,0,0,6
122,7,7.4,4.56,0,0,40,0,40,0,6
123,1,7.18,1.81,19.16,2.72,40,40,0,1,6
123,2,10.36,1.28,19.16,2.72,40,40,0,1,6
123,3,8.22,3.57,19.16,2.72,40,40,0,1,6
123,4,6.88,4.44,19.16,2.72,40,40,40,1,6
123,5,22.94,1.81,0,0,40,0,0,0,6
123,6,28.47,3.57,0,0,40,0,0,0,6
123,7,8.2,4.44,0,0,40,0,40,0,6
124,1,7.84,2.05,27.74,1.96,40,40,0,1,6
124,2,14.47,1.62,27.74,1.96,40,40,0,1,6
124,3,8.39,3.84,27.74,1.96,40,40,0,1,6
124,4,5.99,4.55,27.74,1.96,40,40,40,1,6
124,5,26.33,2.05,0,0,40,0,0,0,6
124,6,30.22,3.84,0,0,40,0,0,0,6
124,7,8.3,4.55,0,0,40,0,40,0,6
125,1,8.24,2.4,26.09,2.56,70,70,0,1,6
125,2,9.44,1.9,26.09,2.56,70,70,0,1,6
125,3,8.09,4.3,26.09,2.56,70,70,0,1,6
125,4,8.59,5.03,26.09,2.56,70,70,70,1,6
125,5,17.9,2.4,0,0,70,0,0,0,6
125,6,21.64,4.3,0,0,70,0,0,0,6
125,7,7.6,5.03,0,0,70,0,70,0,6
126,1,8.69,2.67,24.42,2.41,70,70,0,1,7
126,2,9.71,1.46,24.42,2.41,70,70,0,1,7
126,3,9.02,3.51,24.42,2.41,70,70,0,1,7
126,4,7.35,4.15,24.42,2.41,70,70,70,1,7
126,5,24.67,2.67,0,0,70,0,0,0,7
126,6,21.61,3.51,0,0,70,0,0,0,7
126,7,6.46,4.15,0,0,70,0,70,0,7
127,1,9.13,2.11,27.88,2.1,50,50,0,1,6
127,2,9.61,1.43,27.88,2.1,50,50,0,1,6
127,3,9.24,4.63,27.88,2.1,50,50,0,1,6
127,4,9.55,3.58,27.88,2.1,50,50,50,1,6
127,5,20.28,2.11,0,0,50,0,0,0,6
127,6,26.84,4.63,0,0,50,0,0,0,6
127,7,8.03,3.58,0,0,50,0,50,0,6
128,1,9.48,2.22,20.37,2.53,40,40,0,1,6
128,2,9.74,1.64,20.37,2.53,40,40,0,1,6
128,3,10.13,5.09,20.37,2.53,40,40,0,1,6
128,4,8.55,3.86,20.37,2.53,40,40,40,1,6
128,5,28.2,2.22,0,0,40,0,0,0,6
128,6,29.73,5.09,0,0,40,0,0,0,6
128,7,6.41,3.86,0,0,40,0,40,0,6
129,1,7.41,2.39,27.69,2.24,60,60,0,1,6
129,2,11.45,1.78,27.69,2.24,60,60,0,1,6
129,3,8.41,4.65,27.69,2.24,60,60,0,1,6
129,4,7.57,4.46,27.69,2.24,60,60,60,1,6
129,5,25.86,2.39,0,0,60,0,0,0,6
129,6,26.06,4.65,0,0,60,0,0,0,6
129,7,7.03,4.46,0,0,60,0,60,0,6
130,1,7.05,2.32,25.89,2.37,50,50,0,1,6
130,2,11.62,1.45,25.89,2.37,50,50,0,1,6
130,3,6.94,4,25.89,2.37,50,50,0,1,6
130,4,9.02,4.39,25.89,2.37,50,50,50,1,6
130,5,22.98,2.32,0,0,50,0,0,0,6
130,6,23.81,4,0,0,50,0,0,0,6
130,7,7.83,4.39,0,0,50,0,50,0,6
131,1,9.2,3.18,26.32,3.02,70,70,0,1,6
131,2,11.88,1.41,26.32,3.02,70,70,0,1,6
131,3,7.93,4.65,26.32,3.02,70,70,0,1,6
131,4,7.41,3.98,26.32,3.02,70,70,70,1,6
131,5,31.65,3.18,0,0,70,0,0,0,6
131,6,29.44,4.65,0,0,70,0,0,0,6
131,7,6.17,3.98,0,0,70,0,70,0,6
132,1,8.13,2.51,23.12,2.21,70,70,0,1,7
132,2,12.21,1.69,23.12,2.21,70,70,0,1,7
132,3,7.07,4.08,23.12,2.21,70,70,0,1,7
132,4,5.97,3.92,23.12,2.21,70,70,70,1,7
132,5,17.82,2.51,0,0,70,0,0,0,7
132,6,20.6,4.08,0,0,70,0,0,0,7
132,7,8.88,3.92,0,0,70,0,70,0,7
133,1,6.33,2.26,17,2.79,60,60,0,1,6
133,2,11.09,1.63,17,2.79,60,60,0,1,6
133,3,8.46,4.52,17,2.79,60,60,0,1,6
133,4,8.16,4.32,17,2.79,60,60,60,1,6
133,5,25.33,2.26,0,0,60,0,0,0,6
133,6,20.32,4.52,0,0,60,0,0,0,6
133,7,7.7,4.32,0,0,60,0,60,0,6
134,1,11.18,2.49,28.69,2.38,50,50,0,1,2
134,2,13.29,1.61,28.69,2.38,50,50,0,1,2
134,3,7.17,3.64,28.69,2.38,50,50,0,1,2
134,4,9.39,4.87,28.69,2.38,50,50,50,1,2
134,5,29.67,2.49,0,0,50,0,0,0,2
134,6,28.16,3.64,0,0,50,0,0,0,2
134,7,8.76,4.87,0,0,50,0,50,0,2
135,1,7.67,2.19,27.43,2.76,70,70,0,1,6
135,2,10.04,1.22,27.43,2.76,70,70,0,1,6
135,3,8.51,3.7,27.43,2.76,70,70,0,1,6
135,4,7.58,3.94,27.43,2.76,70,70,70,1,6
135,5,21.63,2.19,0,0,70,0,0,0,6
135,6,27.79,3.7,0,0,70,0,0,0,6
135,7,8.67,3.94,0,0,70,0,70,0,6
136,1,7.24,2.68,23.61,2.7,30,30,0,1,6
136,2,12.45,1.6,23.61,2.7,30,30,0,1,6
136,3,8.75,3.84,23.61,2.7,30,30,0,1,6
136,4,9.09,3.58,23.61,2.7,30,30,30,1,6
136,5,34.2,2.68,0,0,30,0,0,0,6
136,6,25.03,3.84,0,0,30,0,0,0,6
136,7,7.26,3.58,0,0,30,0,30,0,6
137,1,7.94,2.13,28.82,2.6,50,50,0,1,6
137,2,10.45,1.68,28.82,2.6,50,50,0,1,6
137,3,7.43,3.8,28.82,2.6,50,50,0,1,6
137,4,9.48,3.91,28.82,2.6,50,50,50,1,6
137,5,33.24,2.13,0,0,50,0,0,0,6
137,6,26.24,3.8,0,0,50,0,0,0,6
137,7,7.87,3.91,0,0,50,0,50,0,6
138,1,7.63,2.38,19.73,2.52,40,40,0,1,6
138,2,10.44,1.75,19.73,2.52,40,40,0,1,6
138,3,8.19,4.53,19.73,2.52,40,40,0,1,6
138,4,8.79,5.04,19.73,2.52,40,40,40,1,6
138,5,29.79,2.38,0,0,40,0,0,0,6
138,6,27.92,4.53,0,0,40,0,0,0,6
138,7,6.95,5.04,0,0,40,0,40,0,6
139,1,7.86,2.25,28.15,2.85,40,40,0,1,6
139,2,8.41,1.49,28.15,2.85,40,40,0,1,6
139,3,6.94,4.34,28.15,2.85,40,40,0,1,6
139,4,6.43,4.22,28.15,2.85,40,40,40,1,6
139,5,21.67,2.25,0,0,40,0,0,0,6
139,6,21.41,4.34,0,0,40,0,0,0,6
139,7,6.65,4.22,0,0,40,0,40,0,6
140,1,9.13,2.06,22.69,2.61,50,50,0,1,6
140,2,10.63,1.48,22.69,2.61,50,50,0,1,6
140,3,8.76,4.53,22.69,2.61,50,50,0,1,6
140,4,7.52,3.69,22.69,2.61,50,50,50,1,6
140,5,28.8,2.06,0,0,50,0,0,0,6
140,6,27.45,4.53,0,0,50,0,0,0,6
140,7,7.83,3.69,0,0,50,0,50,0,6
141,1,7.03,2.18,22.69,2.12,70,70,0,1,7
141,2,9.04,1.09,22.69,2.12,70,70,0,1,7
141,3,8.9,4.15,22.69,2.12,70,70,0,1,7
141,4,7.68,3.65,22.69,2.12,70,70,70,1,7
141,5,21.81,2.18,0,0,70,0,0,0,7
141,6,28.32,4.15,0,0,70,0,0,0,7
141,7,6.99,3.65,0,0,70,0,70,0,7
142,1,10.04,2.44,26.02,2.51,50,50,0,1,6
142,2,11.6,2.03,26.02,2.51,50,50,0,1,6
142,3,8.79,4.47,26.02,2.51,50,50,0,1,6
142,4,9.29,4.92,26.02,2.51,50,50,50,1,6
142,5,28.63,2.44,0,0,50,0,0,0,6
142,6,27.38,4.47,0,0,50,0,0,0,6
142,7,9.21,4.92,0,0,50,0,50,0,6
143,1,9.82,1.04,24.76,2.38,50,50,0,1,6
143,2,11.81,1.13,24.76,2.38,50,50,0,1,6
143,3,7.15,3.86,24.76,2.38,50,50,0,1,6
143,4,8.21,3.07,24.76,2.38,50,50,50,1,6
143,5,23.6,1.04,0,0,50,0,0,0,6
143,6,27.13,3.86,0,0,50,0,0,0,6
143,7,6.77,3.07,0,0,50,0,50,0,6
144,1,8.01,2.5,34.21,2.27,60,60,0,1,6
144,2,9.99,1.66,34.21,2.27,60,60,0,1,6
144,3,7.98,3.98,34.21,2.27,60,60,0,1,6
144,4,6.52,3.82,34.21,2.27,60,60,60,1,6
144,5,20.69,2.5,0,0,60,0,0,0,6
144,6,30.03,3.98,0,0,60,0,0,0,6
144,7,8.17,3.82,0,0,60,0,60,0,6
145,1,5.86,2.59,24.71,2.5,30,30,0,1,6
145,2,11.2,1.66,24.71,2.5,30,30,0,1,6
145,3,5.49,4.6,24.71,2.5,30,30,0,1,6
145,4,6.53,4.58,24.71,2.5,30,30,30,1,6
145,5,17.49,2.59,0,0,30,0,0,0,6
145,6,24.73,4.6,0,0,30,0,0,0,6
145,7,5.38,4.58,0,0,30,0,30,0,6
146,1,8.06,2.47,24.61,2.43,40,40,0,1,6
146,2,10.98,1.57,24.61,2.43,40,40,0,1,6
146,3,9.49,4.69,24.61,2.43,40,40,0,1,6
146,4,7.81,4.34,24.61,2.43,40,40,40,1,6
146,5,25.15,2.47,0,0,40,0,0,0,6
146,6,24.71,4.69,0,0,40,0,0,0,6
146,7,7.27,4.34,0,0,40,0,40,0,6
147,1,7.67,2.51,25.79,2.98,40,40,0,1,6
147,2,11.37,1.43,25.79,2.98,40,40,0,1,6
147,3,8.64,3.56,25.79,2.98,40,40,0,1,6
147,4,6.63,4.55,25.79,2.98,40,40,40,1,6
147,5,23.63,2.51,0,0,40,0,0,0,6
147,6,24.77,3.56,0,0,40,0,0,0,6
147,7,7.87,4.55,0,0,40,0,40,0,6
148,1,9.09,1.51,26.87,2.04,20,20,0,1,5
148,2,9.47,1.04,26.87,2.04,20,20,0,1,5
148,3,7.37,4.56,26.87,2.04,20,20,0,1,5
148,4,9.42,4.05,26.87,2.04,20,20,20,1,5
148,5,21.19,1.51,0,0,20,0,0,0,5
148,6,35.12,4.56,0,0,20,0,0,0,5
148,7,8.1,4.05,0,0,20,0,20,0,5
149,1,9.43,2.42,30.8,2.72,40,40,0,1,6
149,2,9.22,1.54,30.8,2.72,40,40,0,1,6
149,3,7.59,3.94,30.8,2.72,40,40,0,1,6
149,4,8.53,3.94,30.8,2.72,40,40,40,1,6
149,5,21.85,2.42,0,0,40,0,0,0,6
149,6,23.58,3.94,0,0,40,0,0,0,6
149,7,7.61,3.94,0,0,40,0,40,0,6
150,1,8.02,2.29,22.39,2.79,20,20,0,1,6
150,2,11.41,1.57,22.39,2.79,20,20,0,1,6
150,3,8.87,4.67,22.39,2.79,20,20,0,1,6
150,4,8.19,4.66,22.39,2.79,20,20,20,1,6
150,5,27.23,2.29,0,0,20,0,0,0,6
150,6,36.12,4.67,0,0,20,0,0,0,6
150,7,8.81,4.66,0,0,20,0,20,0,6
151,1,6.57,1.94,26.84,2.53,20,20,0,1,5
151,2,10.95,1.26,26.84,2.53,20,20,0,1,5
151,3,8.85,4.04,26.84,2.53,20,20,0,1,5
151,4,7.45,3.72,26.84,2.53,20,20,20,1,5
151,5,23.77,1.94,0,0,20,0,0,0,5
151,6,23.99,4.04,0,0,20,0,0,0,5
151,7,7.15,3.72,0,0,20,0,20,0,5
152,1,7.32,2.48,28.23,2.64,20,20,0,1,3
152,2,10.28,1.52,28.23,2.64,20,20,0,1,3
152,3,11.43,5,28.23,2.64,20,20,0,1,3
152,4,6.64,5.03,28.23,2.64,20,20,20,1,3
152,5,23.67,2.48,0,0,20,0,0,0,3
152,6,27.02,5,0,0,20,0,0,0,3
152,7,6.86,5.03,0,0,20,0,20,0,3
153,1,8.12,2.1,20.58,3.01,30,30,0,1,7
153,2,9.43,1.32,20.58,3.01,30,30,0,1,7
153,3,9.08,2.85,20.58,3.01,30,30,0,1,7
153,4,9.11,4.44,20.58,3.01,30,30,30,1,7
153,5,24.73,2.1,0,0,30,0,0,0,7
153,6,21.19,2.85,0,0,30,0,0,0,7
153,7,4.83,4.44,0,0,30,0,30,0,7
154,1,5.46,2.39,25.87,2.51,70,70,0,1,6
154,2,10.63,2.07,25.87,2.51,70,70,0,1,6
154,3,5.63,3.71,25.87,2.51,70,70,0,1,6
154,4,9.14,3.82,25.87,2.51,70,70,70,1,6
154,5,19.85,2.39,0,0,70,0,0,0,6
154,6,29.91,3.71,0,0,70,0,0,0,6
154,7,6.45,3.82,0,0,70,0,70,0,6
155,1,8.21,2.8,26.01,2.06,50,50,0,1,7
155,2,10.61,1.59,26.01,2.06,50,50,0,1,7
155,3,8.84,3.9,26.01,2.06,50,50,0,1,7
155,4,7.91,4.38,26.01,2.06,50,50,50,1,7
155,5,31.07,2.8,0,0,50,0,0,0,7
155,6,27.04,3.9,0,0,50,0,0,0,7
155,7,9.4,4.38,0,0,50,0,50,0,7
156,1,7.8,2.04,30.52,2.38,20,20,0,1,5
156,2,9.69,1.58,30.52,2.38,20,20,0,1,5
156,3,7.85,3.21,30.52,2.38,20,20,0,1,5
156,4,9.2,4.09,30.52,2.38,20,20,20,1,5
156,5,19.28,2.04,0,0,20,0,0,0,5
156,6,29.73,3.21,0,0,20,0,0,0,5
156,7,7.81,4.09,0,0,20,0,20,0,5
157,1,9.05,2.27,26.71,2.25,60,60,0,1,6
157,2,9.22,1.42,26.71,2.25,60,60,0,1,6
157,3,9.18,4.03,26.71,2.25,60,60,0,1,6
157,4,7.73,3.83,26.71,2.25,60,60,60,1,6
157,5,23.38,2.27,0,0,60,0,0,0,6
157,6,23.62,4.03,0,0,60,0,0,0,6
157,7,8.33,3.83,0,0,60,0,60,0,6
158,1,5.83,2.18,26.59,2.67,30,30,0,1,5
158,2,8.31,1.18,26.59,2.67,30,30,0,1,5
158,3,7.18,3.96,26.59,2.67,30,30,0,1,5
158,4,6.81,4.19,26.59,2.67,30,30,30,1,5
158,5,20.53,2.18,0,0,30,0,0,0,5
158,6,19.25,3.96,0,0,30,0,0,0,5
158,7,7.22,4.19,0,0,30,0,30,0,5
159,1,4.48,2.09,31.63,2.68,40,40,0,1,6
159,2,9.09,1.52,31.63,2.68,40,40,0,1,6
159,3,9,3.94,31.63,2.68,40,40,0,1,6
159,4,6.66,3.28,31.63,2.68,40,40,40,1,6
159,5,27.3,2.09,0,0,40,0,0,0,6
159,6,23.61,3.94,0,0,40,0,0,0,6
159,7,5.5,3.28,0,0,40,0,40,0,6
160,1,9,2.94,26.44,2.35,60,60,0,1,6
160,2,9.04,2.07,26.44,2.35,60,60,0,1,6
160,3,8.55,4.47,26.44,2.35,60,60,0,1,6
160,4,9.03,4.39,26.44,2.35,60,60,60,1,6
160,5,27.05,2.94,0,0,60,0,0,0,6
160,6,22.25,4.47,0,0,60,0,0,0,6
160,7,7.51,4.39,0,0,60,0,60,0,6
161,1,7.77,2.21,22.57,2.82,40,40,0,1,6
161,2,9.16,1.22,22.57,2.82,40,40,0,1,6
161,3,6.66,3.2,22.57,2.82,40,40,0,1,6
161,4,5.7,3.76,22.57,2.82,40,40,40,1,6
161,5,21.38,2.21,0,0,40,0,0,0,6
161,6,31.7,3.2,0,0,40,0,0,0,6
161,7,7.93,3.76,0,0,40,0,40,0,6
162,1,8,2.25,23.96,2.29,70,70,0,1,6
162,2,12.74,1.43,23.96,2.29,70,70,0,1,6
162,3,9.67,4.03,23.96,2.29,70,70,0,1,6
162,4,8.16,3.65,23.96,2.29,70,70,70,1,6
162,5,19.71,2.25,0,0,70,0,0,0,6
162,6,22.43,4.03,0,0,70,0,0,0,6
162,7,6.66,3.65,0,0,70,0,70,0,6
163,1,7.38,2.33,19.47,2.29,20,20,0,1,5
163,2,10.91,1.53,19.47,2.29,20,20,0,1,5
163,3,10.34,4.45,19.47,2.29,20,20,0,1,5
163,4,8.06,4.4,19.47,2.29,20,20,20,1,5
163,5,18.52,2.33,0,0,20,0,0,0,5
163,6,24.34,4.45,0,0,20,0,0,0,5
163,7,9,4.4,0,0,20,0,20,0,5
164,1,7.96,2.2,24.53,2.42,20,20,0,1,5
164,2,10.92,1.61,24.53,2.42,20,20,0,1,5
164,3,6.64,3.1,24.53,2.42,20,20,0,1,5
164,4,8.28,3.75,24.53,2.42,20,20,20,1,5
164,5,24,2.2,0,0,20,0,0,0,5
164,6,25.94,3.1,0,0,20,0,0,0,5
164,7,7.98,3.75,0,0,20,0,20,0,5
165,1,6.51,2.27,23.99,2.96,20,20,0,1,5
165,2,10.62,1.66,23.99,2.96,20,20,0,1,5
165,3,9.66,4.77,23.99,2.96,20,20,0,1,5
165,4,9.15,3.84,23.99,2.96,20,20,20,1,5
165,5,20.51,2.27,0,0,20,0,0,0,5
165,6,28.01,4.77,0,0,20,0,0,0,5
165,7,7.15,3.84,0,0,20,0,20,0,5
166,1,9.48,2.37,29.79,2.21,40,40,0,1,6
166,2,12.38,1.54,29.79,2.21,40,40,0,1,6
166,3,9.16,4.17,29.79,2.21,40,40,0,1,6
166,4,9.18,3.98,29.79,2.21,40,40,40,1,6
166,5,28.86,2.37,0,0,40,0,0,0,6
166,6,25.9,4.17,0,0,40,0,0,0,6
166,7,8.2,3.98,0,0,40,0,40,0,6
167,1,5.94,2.93,20.66,2.65,30,30,0,1,2
167,2,11.05,1.37,20.66,2.65,30,30,0,1,2
167,3,9.46,2.66,20.66,2.65,30,30,0,1,2
167,4,8.98,4.02,20.66,2.65,30,30,30,1,2
167,5,21.84,2.93,0,0,30,0,0,0,2
167,6,22.73,2.66,0,0,30,0,0,0,2
167,7,9.03,4.02,0,0,30,0,30,0,2
168,1,8.9,2.58,29.55,2.87,30,30,0,1,6
168,2,12.74,1.57,29.55,2.87,30,30,0,1,6
168,3,9.51,3.63,29.55,2.87,30,30,0,1,6
168,4,10.37,4.47,29.55,2.87,30,30,30,1,6
168,5,29.22,2.58,0,0,30,0,0,0,6
168,6,33.25,3.63,0,0,30,0,0,0,6
168,7,8.23,4.47,0,0,30,0,30,0,6
169,1,5.77,1.85,23.34,2.39,20,20,0,1,6
169,2,10.51,1.56,23.34,2.39,20,20,0,1,6
169,3,8.67,4.13,23.34,2.39,20,20,0,1,6
169,4,6.03,4.06,23.34,2.39,20,20,20,1,6
169,5,31.72,1.85,0,0,20,0,0,0,6
169,6,24.2,4.13,0,0,20,0,0,0,6
169,7,9.21,4.06,0,0,20,0,20,0,6
170,1,7.64,2.42,25.42,2.82,20,20,0,1,5
170,2,8.2,1.35,25.42,2.82,20,20,0,1,5
170,3,7.23,4.38,25.42,2.82,20,20,0,1,5
170,4,8.01,4.68,25.42,2.82,20,20,20,1,5
170,5,21.13,2.42,0,0,20,0,0,0,5
170,6,24.05,4.38,0,0,20,0,0,0,5
170,7,9.57,4.68,0,0,20,0,20,0,5
171,1,7.62,1.86,23.12,2.67,30,30,0,1,6
171,2,11.56,1.89,23.12,2.67,30,30,0,1,6
171,3,7.6,3.73,23.12,2.67,30,30,0,1,6
171,4,6.98,4.05,23.12,2.67,30,30,30,1,6
171,5,22,1.86,0,0,30,0,0,0,6
171,6,20.5,3.73,0,0,30,0,0,0,6
171,7,7.5,4.05,0,0,30,0,30,0,6
172,1,7.55,2.24,22.39,2.91,20,20,0,1,6
172,2,11.23,1.94,22.39,2.91,20,20,0,1,6
172,3,7.58,4.49,22.39,2.91,20,20,0,1,6
172,4,10.57,5.19,22.39,2.91,20,20,20,1,6
172,5,26.91,2.24,0,0,20,0,0,0,6
172,6,30.82,4.49,0,0,20,0,0,0,6
172,7,7.98,5.19,0,0,20,0,20,0,6
173,1,7.63,2.48,31.03,1.65,50,50,0,1,6
173,2,9.35,1.35,31.03,1.65,50,50,0,1,6
173,3,8.39,3.52,31.03,1.65,50,50,0,1,6
173,4,7.27,4.6,31.03,1.65,50,50,50,1,6
173,5,22.07,2.48,0,0,50,0,0,0,6
173,6,23.57,3.52,0,0,50,0,0,0,6
173,7,8.18,4.6,0,0,50,0,50,0,6
174,1,8.09,2.27,25.7,2.55,70,70,0,1,6
174,2,8.8,1.43,25.7,2.55,70,70,0,1,6
174,3,9.3,4.2,25.7,2.55,70,70,0,1,6
174,4,7.7,3.75,25.7,2.55,70,70,70,1,6
174,5,29.27,2.27,0,0,70,0,0,0,6
174,6,27.68,4.2,0,0,70,0,0,0,6
174,7,7.55,3.75,0,0,70,0,70,0,6
175,1,7.64,2.35,25.2,2.94,20,20,0,1,5
175,2,10.35,1.44,25.2,2.94,20,20,0,1,5
175,3,8.14,3.54,25.2,2.94,20,20,0,1,5
175,4,6.88,4.88,25.2,2.94,20,20,20,1,5
175,5,19.43,2.35,0,0,20,0,0,0,5
175,6,19.91,3.54,0,0,20,0,0,0,5
175,7,5.94,4.88,0,0,20,0,20,0,5
176,1,5.52,1.78,31.36,2.86,60,60,0,1,6
176,2,10.56,1.39,31.36,2.86,60,60,0,1,6
176,3,7.23,4.46,31.36,2.86,60,60,0,1,6
176,4,8.65,3.03,31.36,2.86,60,60,60,1,6
176,5,24.97,1.78,0,0,60,0,0,0,6
176,6,23.2,4.46,0,0,60,0,0,0,6
176,7,6.4,3.03,0,0,60,0,60,0,6
177,1,8.24,2.24,24.05,2.64,40,40,0,1,2
177,2,9.14,1.44,24.05,2.64,40,40,0,1,2
177,3,7.11,3.86,24.05,2.64,40,40,0,1,2
177,4,7.13,3.89,24.05,2.64,40,40,40,1,2
177,5,23.2,2.24,0,0,40,0,0,0,2
177,6,20.26,3.86,0,0,40,0,0,0,2
177,7,8.16,3.89,0,0,40,0,40,0,2
178,1,9.74,2.18,18.99,2.5,30,30,0,1,6
178,2,9.64,1.7,18.99,2.5,30,30,0,1,6
178,3,9.97,4.67,18.99,2.5,30,30,0,1,6
178,4,7.92,3.75,18.99,2.5,30,30,30,1,6
178,5,24.3,2.18,0,0,30,0,0,0,6
178,6,30.99,4.67,0,0,30,0,0,0,6
178,7,10.34,3.75,0,0,30,0,30,0,6
179,1,5.95,2.46,29.69,2.64,30,30,0,1,7
179,2,8.33,1.63,29.69,2.64,30,30,0,1,7
179,3,7.1,4.29,29.69,2.64,30,30,0,1,7
179,4,6.95,3.94,29.69,2.64,30,30,30,1,7
179,5,20.73,2.46,0,0,30,0,0,0,7
179,6,29.96,4.29,0,0,30,0,0,0,7
179,7,7.15,3.94,0,0,30,0,30,0,7
180,1,7.17,1.75,25.53,2.96,60,60,0,1,6
180,2,12.26,1.34,25.53,2.96,60,60,0,1,6
180,3,7.41,4.46,25.53,2.96,60,60,0,1,6
180,4,8.42,4.01,25.53,2.96,60,60,60,1,6
180,5,28.17,1.75,0,0,60,0,0,0,6
180,6,18.53,4.46,0,0,60,0,0,0,6
180,7,6.6,4.01,0,0,60,0,60,0,6
181,1,6.82,2.08,21.03,2.25,30,30,0,1,6
181,2,11.72,1.58,21.03,2.25,30,30,0,1,6
181,3,5.95,3.71,21.03,2.25,30,30,0,1,6
181,4,8.12,4.39,21.03,2.25,30,30,30,1,6
181,5,21.82,2.08,0,0,30,0,0,0,6
181,6,25.39,3.71,0,0,30,0,0,0,6
181,7,7.63,4.39,0,0,30,0,30,0,6
182,1,7.32,2.39,23.99,2.72,50,50,0,1,7
182,2,6.74,1.35,23.99,2.72,50,50,0,1,7
182,3,7.95,3.81,23.99,2.72,50,50,0,1,7
182,4,5.84,4.79,23.99,2.72,50,50,50,1,7
182,5,23.78,2.39,0,0,50,0,0,0,7
182,6,26.19,3.81,0,0,50,0,0,0,7
182,7,8.19,4.79,0,0,50,0,50,0,7
183,1,8.94,2.36,19.95,2.86,20,20,0,1,6
183,2,10.03,1.35,19.95,2.86,20,20,0,1,6
183,3,7.75,3.27,19.95,2.86,20,20,0,1,6
183,4,9.84,4.17,19.95,2.86,20,20,20,1,6
183,5,31.74,2.36,0,0,20,0,0,0,6
183,6,32.34,3.27,0,0,20,0,0,0,6
183,7,8.69,4.17,0,0,20,0,20,0,6
184,1,7.1,2.54,28.11,2.2,60,60,0,1,6
184,2,8.54,1.7,28.11,2.2,60,60,0,1,6
184,3,8.72,4.3,28.11,2.2,60,60,0,1,6
184,4,6.95,3.41,28.11,2.2,60,60,60,1,6
184,5,25.81,2.54,0,0,60,0,0,0,6
184,6,29.58,4.3,0,0,60,0,0,0,6
184,7,8.83,3.41,0,0,60,0,60,0,6
185,1,8.78,2.15,26.34,2.35,30,30,0,1,6
185,2,12.23,1.59,26.34,2.35,30,30,0,1,6
185,3,6.72,4.17,26.34,2.35,30,30,0,1,6
185,4,10.8,4.06,26.34,2.35,30,30,30,1,6
185,5,21.97,2.15,0,0,30,0,0,0,6
185,6,23.49,4.17,0,0,30,0,0,0,6
185,7,8.4,4.06,0,0,30,0,30,0,6
186,1,8.74,2.43,23.35,3.19,60,60,0,1,6
186,2,10.67,1.54,23.35,3.19,60,60,0,1,6
186,3,8.87,4.05,23.35,3.19,60,60,0,1,6
186,4,7.89,4.59,23.35,3.19,60,60,60,1,6
186,5,26.02,2.43,0,0,60,0,0,0,6
186,6,22.37,4.05,0,0,60,0,0,0,6
186,7,7.07,4.59,0,0,60,0,60,0,6
187,1,8.58,2,22.59,2.85,30,30,0,1,5
187,2,11.57,1.7,22.59,2.85,30,30,0,1,5
187,3,8.57,3.87,22.59,2.85,30,30,0,1,5
187,4,7.86,3.96,22.59,2.85,30,30,30,1,5
187,5,25.94,2,0,0,30,0,0,0,5
187,6,29.64,3.87,0,0,30,0,0,0,5
187,7,10.06,3.96,0,0,30,0,30,0,5
188,1,8.48,2.79,26.76,2.45,30,30,0,1,7
188,2,11.16,1.86,26.76,2.45,30,30,0,1,7
188,3,8.63,4.35,26.76,2.45,30,30,0,1,7
188,4,8.96,3.73,26.76,2.45,30,30,30,1,7
188,5,25.78,2.79,0,0,30,0,0,0,7
188,6,29.01,4.35,0,0,30,0,0,0,7
188,7,8.39,3.73,0,0,30,0,30,0,7
189,1,7.89,1.92,22.42,2.44,70,70,0,1,6
189,2,12.98,1.58,22.42,2.44,70,70,0,1,6
189,3,7.55,4.19,22.42,2.44,70,70,0,1,6
189,4,7.88,4.39,22.42,2.44,70,70,70,1,6
189,5,26.34,1.92,0,0,70,0,0,0,6
189,6,26.92,4.19,0,0,70,0,0,0,6
189,7,8.75,4.39,0,0,70,0,70,0,6
190,1,7.21,2.05,25.02,2.3,60,60,0,1,6
190,2,11.34,1.94,25.02,2.3,60,60,0,1,6
190,3,9,4.26,25.02,2.3,60,60,0,1,6
190,4,10.49,3.72,25.02,2.3,60,60,60,1,6
190,5,34.05,2.05,0,0,60,0,0,0,6
190,6,23.89,4.26,0,0,60,0,0,0,6
190,7,7.35,3.72,0,0,60,0,60,0,6
191,1,5.13,1.76,25.41,2.85,40,40,0,1,6
191,2,8.77,1.04,25.41,2.85,40,40,0,1,6
191,3,6.74,2.42,25.41,2.85,40,40,0,1,6
191,4,6.04,4.41,25.41,2.85,40,40,40,1,6
191,5,22.95,1.76,0,0,40,0,0,0,6
191,6,25.01,2.42,0,0,40,0,0,0,6
191,7,6.74,4.41,0,0,40,0,40,0,6
192,1,8.36,2.33,32.97,2.09,70,70,0,1,6
192,2,11,1.23,32.97,2.09,70,70,0,1,6
192,3,7.92,3.5,32.97,2.09,70,70,0,1,6
192,4,6.84,4.93,32.97,2.09,70,70,70,1,6
192,5,23.03,2.33,0,0,70,0,0,0,6
192,6,21.46,3.5,0,0,70,0,0,0,6
192,7,7.02,4.93,0,0,70,0,70,0,6
193,1,7.68,2.32,26.94,2.66,30,30,0,1,5
193,2,12.31,1.58,26.94,2.66,30,30,0,1,5
193,3,8.71,4.46,26.94,2.66,30,30,0,1,5
193,4,8.21,3.9,26.94,2.66,30,30,30,1,5
193,5,26.33,2.32,0,0,30,0,0,0,5
193,6,28.39,4.46,0,0,30,0,0,0,5
193,7,8.07,3.9,0,0,30,0,30,0,5
194,1,7.01,2.1,18.41,2.7,70,70,0,1,6
194,2,11.75,1.52,18.41,2.7,70,70,0,1,6
194,3,7.56,4.89,18.41,2.7,70,70,0,1,6
194,4,7.83,4.36,18.41,2.7,70,70,70,1,6
194,5,32.35,2.1,0,0,70,0,0,0,6
194,6,25.07,4.89,0,0,70,0,0,0,6
194,7,7.08,4.36,0,0,70,0,70,0,6
195,1,8.54,2.31,26.53,2.71,50,50,0,1,6
195,2,11.67,1.7,26.53,2.71,50,50,0,1,6
195,3,11.22,2.97,26.53,2.71,50,50,0,1,6
195,4,8.01,4.23,26.53,2.71,50,50,50,1,6
195,5,24.65,2.31,0,0,50,0,0,0,6
195,6,30.05,2.97,0,0,50,0,0,0,6
195,7,8.74,4.23,0,0,50,0,50,0,6
196,1,7.93,1.56,26.07,2.52,70,70,0,1,6
196,2,11.37,1.69,26.07,2.52,70,70,0,1,6
196,3,10.26,4.59,26.07,2.52,70,70,0,1,6
196,4,8.53,3.9,26.07,2.52,70,70,70,1,6
196,5,29.1,1.56,0,0,70,0,0,0,6
196,6,27.96,4.59,0,0,70,0,0,0,6
196,7,7.88,3.9,0,0,70,0,70,0,6
197,1,8.42,2.58,24.58,2.3,20,20,0,1,6
197,2,12.39,1.32,24.58,2.3,20,20,0,1,6
197,3,11.27,4.03,24.58,2.3,20,20,0,1,6
197,4,8.54,4.35,24.58,2.3,20,20,20,1,6
197,5,26.73,2.58,0,0,20,0,0,0,6
197,6,28.58,4.03,0,0,20,0,0,0,6
197,7,10.03,4.35,0,0,20,0,20,0,6
198,1,8.54,2.47,29.65,2.5,70,70,0,1,6
198,2,12.47,1.56,29.65,2.5,70,70,0,1,6
198,3,10.13,4.16,29.65,2.5,70,70,0,1,6
198,4,8.51,5.06,29.65,2.5,70,70,70,1,6
198,5,20.9,2.47,0,0,70,0,0,0,6
198,6,27.7,4.16,0,0,70,0,0,0,6
198,7,9.92,5.06,0,0,70,0,70,0,6
199,1,8.19,1.5,27.71,2.57,40,40,0,1,6
199,2,10.69,1.63,27.71,2.57,40,40,0,1,6
199,3,9.08,4.66,27.71,2.57,40,40,0,1,6
199,4,7.78,4.14,27.71,2.57,40,40,40,1,6
199,5,28.18,1.5,0,0,40,0,0,0,6
199,6,24.61,4.66,0,0,40,0,0,0,6
199,7,9.53,4.14,0,0,40,0,40,0,6
200,1,8.04,1.82,26.08,2.57,30,30,0,1,1
200,2,8.93,1.33,26.08,2.57,30,30,0,1,1
200,3,7.4,3.18,26.08,2.57,30,30,0,1,1
200,4,7.69,4.65,26.08,2.57,30,30,30,1,1
200,5,20.21,1.82,0,0,30,0,0,0,1
200,6,18.28,3.18,0,0,30,0,0,0,1
200,7,6.45,4.65,0,0,30,0,30,0,1
201,1,8.19,2.09,24.08,2.21,70,70,0,1,6
201,2,9.94,1.7,24.08,2.21,70,70,0,1,6
201,3,8.8,4.89,24.08,2.21,70,70,0,1,6
201,4,8.12,3.54,24.08,2.21,70,70,70,1,6
201,5,27.18,2.09,0,0,70,0,0,0,6
201,6,28.5,4.89,0,0,70,0,0,0,6
201,7,7.85,3.54,0,0,70,0,70,0,6
202,1,8.53,1.92,29.63,2.31,70,70,0,1,6
202,2,11.17,1.04,29.63,2.31,70,70,0,1,6
202,3,7.24,2.75,29.63,2.31,70,70,0,1,6
202,4,7.8,4.28,29.63,2.31,70,70,70,1,6
202,5,26.19,1.92,0,0,70,0,0,0,6
202,6,20.13,2.75,0,0,70,0,0,0,6
202,7,6.79,4.28,0,0,70,0,70,0,6
203,1,10.18,2.6,29.38,2.58,50,50,0,1,6
203,2,10.93,1.49,29.38,2.58,50,50,0,1,6
203,3,10.58,4.95,29.38,2.58,50,50,0,1,6
203,4,6.97,4.6,29.38,2.58,50,50,50,1,6
203,5,32.63,2.6,0,0,50,0,0,0,6
203,6,30.78,4.95,0,0,50,0,0,0,6
203,7,7.11,4.6,0,0,50,0,50,0,6
204,1,7.54,2.55,24.44,2.32,50,50,0,1,6
204,2,9.53,1.47,24.44,2.32,50,50,0,1,6
204,3,7.94,4.4,24.44,2.32,50,50,0,1,6
204,4,8.59,3.64,24.44,2.32,50,50,50,1,6
204,5,26.53,2.55,0,0,50,0,0,0,6
204,6,27.46,4.4,0,0,50,0,0,0,6
204,7,8.24,3.64,0,0,50,0,50,0,6
205,1,9.33,2.07,29.27,2.63,70,70,0,1,6
205,2,10,1.93,29.27,2.63,70,70,0,1,6
205,3,8.17,4.41,29.27,2.63,70,70,0,1,6
205,4,7.17,4.32,29.27,2.63,70,70,70,1,6
205,5,20.03,2.07,0,0,70,0,0,0,6
205,6,24.53,4.41,0,0,70,0,0,0,6
205,7,8.89,4.32,0,0,70,0,70,0,6
206,1,5.75,2.44,26.45,2.49,50,50,0,1,6
206,2,11.03,1.7,26.45,2.49,50,50,0,1,6
206,3,5.59,3.74,26.45,2.49,50,50,0,1,6
206,4,7.9,4.69,26.45,2.49,50,50,50,1,6
206,5,24.18,2.44,0,0,50,0,0,0,6
206,6,19.38,3.74,0,0,50,0,0,0,6
206,7,7.32,4.69,0,0,50,0,50,0,6
207,1,7.85,2.31,28.1,2.71,50,50,0,1,6
207,2,8.58,1.13,28.1,2.71,50,50,0,1,6
207,3,9.23,3.69,28.1,2.71,50,50,0,1,6
207,4,7.46,4.35,28.1,2.71,50,50,50,1,6
207,5,21.92,2.31,0,0,50,0,0,0,6
207,6,24.42,3.69,0,0,50,0,0,0,6
207,7,7.66,4.35,0,0,50,0,50,0,6
208,1,6.89,2.79,25.13,2.08,50,50,0,1,6
208,2,11.46,1.74,25.13,2.08,50,50,0,1,6
208,3,8.36,4.84,25.13,2.08,50,50,0,1,6
208,4,7.89,4.96,25.13,2.08,50,50,50,1,6
208,5,25.16,2.79,0,0,50,0,0,0,6
208,6,21.32,4.84,0,0,50,0,0,0,6
208,7,6.55,4.96,0,0,50,0,50,0,6
209,1,7.09,2.09,21.71,1.92,30,30,0,1,6
209,2,11.33,1.35,21.71,1.92,30,30,0,1,6
209,3,8.93,3.91,21.71,1.92,30,30,0,1,6
209,4,8.45,3.81,21.71,1.92,30,30,30,1,6
209,5,25.11,2.09,0,0,30,0,0,0,6
209,6,24.75,3.91,0,0,30,0,0,0,6
209,7,8.77,3.81,0,0,30,0,30,0,6
210,1,9.58,1.87,27.48,2.46,30,30,0,1,6
210,2,10.29,1.33,27.48,2.46,30,30,0,1,6
210,3,7.54,3.41,27.48,2.46,30,30,0,1,6
210,4,7.49,3.27,27.48,2.46,30,30,30,1,6
210,5,21.9,1.87,0,0,30,0,0,0,6
210,6,18.66,3.41,0,0,30,0,0,0,6
210,7,7.59,3.27,0,0,30,0,30,0,6
211,1,7.05,2.44,22.51,2.74,30,30,0,1,6
211,2,10.91,1.46,22.51,2.74,30,30,0,1,6
211,3,9.48,4.16,22.51,2.74,30,30,0,1,6
211,4,7.69,5.3,22.51,2.74,30,30,30,1,6
211,5,27.56,2.44,0,0,30,0,0,0,6
211,6,23.82,4.16,0,0,30,0,0,0,6
211,7,9.31,5.3,0,0,30,0,30,0,6
212,1,8.72,2.24,30.47,1.8,60,60,0,1,6
212,2,12.72,1.04,30.47,1.8,60,60,0,1,6
212,3,9.37,4.07,30.47,1.8,60,60,0,1,6
212,4,6.45,3.18,30.47,1.8,60,60,60,1,6
212,5,28.14,2.24,0,0,60,0,0,0,6
212,6,24.6,4.07,0,0,60,0,0,0,6
212,7,7.96,3.18,0,0,60,0,60,0,6
213,1,5.1,2.2,22.44,2.62,70,70,0,1,6
213,2,9.88,1.31,22.44,2.62,70,70,0,1,6
213,3,8.52,3.45,22.44,2.62,70,70,0,1,6
213,4,6.86,3.76,22.44,2.62,70,70,70,1,6
213,5,27.05,2.2,0,0,70,0,0,0,6
213,6,17.56,3.45,0,0,70,0,0,0,6
213,7,6.77,3.76,0,0,70,0,70,0,6
214,1,8.75,2.64,25.44,2.32,20,20,0,1,5
214,2,11.75,1.79,25.44,2.32,20,20,0,1,5
214,3,9.03,5.39,25.44,2.32,20,20,0,1,5
214,4,6.72,4.03,25.44,2.32,20,20,20,1,5
214,5,25.22,2.64,0,0,20,0,0,0,5
214,6,27.28,5.39,0,0,20,0,0,0,5
214,7,9.58,4.03,0,0,20,0,20,0,5
215,1,6.76,2.23,23.85,2.67,20,20,0,1,6
215,2,9.15,1.65,23.85,2.67,20,20,0,1,6
215,3,7.09,4.51,23.85,2.67,20,20,0,1,6
215,4,7.74,3.77,23.85,2.67,20,20,20,1,6
215,5,25.98,2.23,0,0,20,0,0,0,6
215,6,29.72,4.51,0,0,20,0,0,0,6
215,7,8.38,3.77,0,0,20,0,20,0,6
216,1,7.52,1.71,21.46,2.26,20,20,0,1,6
216,2,11.8,1.04,21.46,2.26,20,20,0,1,6
216,3,9,4.13,21.46,2.26,20,20,0,1,6
216,4,7.03,3.72,21.46,2.26,20,20,20,1,6
216,5,23.76,1.71,0,0,20,0,0,0,6
216,6,26.11,4.13,0,0,20,0,0,0,6
216,7,9.61,3.72,0,0,20,0,20,0,6
217,1,6.73,2.6,23.54,2.87,40,40,0,1,6
217,2,8.22,1.34,23.54,2.87,40,40,0,1,6
217,3,7.03,3.55,23.54,2.87,40,40,0,1,6
217,4,6.3,4.49,23.54,2.87,40,40,40,1,6
217,5,23.9,2.6,0,0,40,0,0,0,6
217,6,22.51,3.55,0,0,40,0,0,0,6
217,7,5.63,4.49,0,0,40,0,40,0,6
218,1,6.48,2.34,25.68,2.29,60,60,0,1,6
218,2,8.19,1.64,25.68,2.29,60,60,0,1,6
218,3,7.66,3.71,25.68,2.29,60,60,0,1,6
218,4,5.2,3.13,25.68,2.29,60,60,60,1,6
218,5,15.95,2.34,0,0,60,0,0,0,6
218,6,23.1,3.71,0,0,60,0,0,0,6
218,7,6.2,3.13,0,0,60,0,60,0,6
219,1,7.51,2.8,19.09,3.35,60,60,0,1,7
219,2,11.37,1.8,19.09,3.35,60,60,0,1,7
219,3,11.51,4.56,19.09,3.35,60,60,0,1,7
219,4,7.77,4.31,19.09,3.35,60,60,60,1,7
219,5,21.64,2.8,0,0,60,0,0,0,7
219,6,19.86,4.56,0,0,60,0,0,0,7
219,7,6.7,4.31,0,0,60,0,60,0,7
220,1,7.24,2.09,29.98,2.68,60,60,0,1,6
220,2,9.74,1.57,29.98,2.68,60,60,0,1,6
220,3,7.78,4.33,29.98,2.68,60,60,0,1,6
220,4,7.67,3.46,29.98,2.68,60,60,60,1,6
220,5,29.76,2.09,0,0,60,0,0,0,6
220,6,22.85,4.33,0,0,60,0,0,0,6
220,7,8.2,3.46,0,0,60,0,60,0,6
221,1,4.39,2.2,27.91,2.23,20,20,0,1,5
221,2,9,1.92,27.91,2.23,20,20,0,1,5
221,3,5.58,4.29,27.91,2.23,20,20,0,1,5
221,4,7.57,5.29,27.91,2.23,20,20,20,1,5
221,5,19.69,2.2,0,0,20,0,0,0,5
221,6,19.94,4.29,0,0,20,0,0,0,5
221,7,6.02,5.29,0,0,20,0,20,0,5
222,1,6.69,1.98,25.73,2.53,70,70,0,1,6
222,2,11.24,1.03,25.73,2.53,70,70,0,1,6
222,3,7.94,3.56,25.73,2.53,70,70,0,1,6
222,4,8.56,4.11,25.73,2.53,70,70,70,1,6
222,5,20.38,1.98,0,0,70,0,0,0,6
222,6,24.81,3.56,0,0,70,0,0,0,6
222,7,8.62,4.11,0,0,70,0,70,0,6
223,1,7.97,2.14,26.09,2.15,70,70,0,1,6
223,2,11.72,1.29,26.09,2.15,70,70,0,1,6
223,3,6.75,4.38,26.09,2.15,70,70,0,1,6
223,4,7.79,3.59,26.09,2.15,70,70,70,1,6
223,5,23.96,2.14,0,0,70,0,0,0,6
223,6,23.89,4.38,0,0,70,0,0,0,6
223,7,7.4,3.59,0,0,70,0,70,0,6
224,1,6.82,0.94,30.95,1.96,60,60,0,1,6
224,2,11.07,1.23,30.95,1.96,60,60,0,1,6
224,3,6.89,3.56,30.95,1.96,60,60,0,1,6
224,4,8.34,3.01,30.95,1.96,60,60,60,1,6
224,5,26.37,0.94,0,0,60,0,0,0,6
224,6,27.67,3.56,0,0,60,0,0,0,6
224,7,6.94,3.01,0,0,60,0,60,0,6
225,1,8.19,2.21,25.4,2.37,70,70,0,1,6
225,2,10.9,1.66,25.4,2.37,70,70,0,1,6
225,3,7.98,3.92,25.4,2.37,70,70,0,1,6
225,4,8.32,5.27,25.4,2.37,70,70,70,1,6
225,5,25.82,2.21,0,0,70,0,0,0,6
225,6,24.45,3.92,0,0,70,0,0,0,6
225,7,7.37,5.27,0,0,70,0,70,0,6
226,1,8.83,2.23,21.23,2.83,50,50,0,1,6
226,2,11.41,1.91,21.23,2.83,50,50,0,1,6
226,3,6.9,4.95,21.23,2.83,50,50,0,1,6
226,4,8.69,5.27,21.23,2.83,50,50,50,1,6
226,5,26.05,2.23,0,0,50,0,0,0,6
226,6,25.15,4.95,0,0,50,0,0,0,6
226,7,7.3,5.27,0,0,50,0,50,0,6
227,1,8.55,2.71,26.14,2.32,60,60,0,1,7
227,2,9.27,1.49,26.14,2.32,60,60,0,1,7
227,3,6.79,4.11,26.14,2.32,60,60,0,1,7
227,4,8.26,4.63,26.14,2.32,60,60,60,1,7
227,5,25.04,2.71,0,0,60,0,0,0,7
227,6,23.53,4.11,0,0,60,0,0,0,7
227,7,8.77,4.63,0,0,60,0,60,0,7
228,1,7.45,1.69,31.31,2.52,40,40,0,1,6
228,2,9.01,1.53,31.31,2.52,40,40,0,1,6
228,3,8.88,3.88,31.31,2.52,40,40,0,1,6
228,4,6.62,3.86,31.31,2.52,40,40,40,1,6
228,5,29.93,1.69,0,0,40,0,0,0,6
228,6,29.13,3.88,0,0,40,0,0,0,6
228,7,8.65,3.86,0,0,40,0,40,0,6
229,1,5.68,1.98,23.07,2.62,40,40,0,1,6
229,2,9.5,1.66,23.07,2.62,40,40,0,1,6
229,3,4.71,4.06,23.07,2.62,40,40,0,1,6
229,4,6.89,3.57,23.07,2.62,40,40,40,1,6
229,5,17.83,1.98,0,0,40,0,0,0,6
229,6,24.08,4.06,0,0,40,0,0,0,6
229,7,6.89,3.57,0,0,40,0,40,0,6
230,1,6.48,2.26,27.59,2.41,20,20,0,1,7
230,2,9.7,1.62,27.59,2.41,20,20,0,1,7
230,3,7.83,3.42,27.59,2.41,20,20,0,1,7
230,4,7.43,4.99,27.59,2.41,20,20,20,1,7
230,5,28.83,2.26,0,0,20,0,0,0,7
230,6,27.57,3.42,0,0,20,0,0,0,7
230,7,5.23,4.99,0,0,20,0,20,0,7
231,1,8.62,2.4,26.18,2.35,50,50,0,1,6
231,2,9.47,1.42,26.18,2.35,50,50,0,1,6
231,3,7.22,4.78,26.18,2.35,50,50,0,1,6
231,4,8.52,4.74,26.18,2.35,50,50,50,1,6
231,5,26.21,2.4,0,0,50,0,0,0,6
231,6,24.6,4.78,0,0,50,0,0,0,6
231,7,8.25,4.74,0,0,50,0,50,0,6
232,1,9.88,2.22,21.85,2.52,20,20,0,1,6
232,2,12.25,1.72,21.85,2.52,20,20,0,1,6
232,3,8.55,3.47,21.85,2.52,20,20,0,1,6
232,4,9.19,4.53,21.85,2.52,20,20,20,1,6
232,5,27.61,2.22,0,0,20,0,0,0,6
232,6,28.54,3.47,0,0,20,0,0,0,6
232,7,9.51,4.53,0,0,20,0,20,0,6
233,1,7.83,2.71,29.1,2.02,30,30,0,1,6
233,2,11.43,1.69,29.1,2.02,30,30,0,1,6
233,3,7.95,3.49,29.1,2.02,30,30,0,1,6
233,4,7.24,4.03,29.1,2.02,30,30,30,1,6
233,5,23.25,2.71,0,0,30,0,0,0,6
233,6,23.67,3.49,0,0,30,0,0,0,6
233,7,7.44,4.03,0,0,30,0,30,0,6
234,1,10.56,1.91,29.21,2.38,20,20,0,1,3
234,2,12.45,1.16,29.21,2.38,20,20,0,1,3
234,3,9.31,3.51,29.21,2.38,20,20,0,1,3
234,4,7.71,3.48,29.21,2.38,20,20,20,1,3
234,5,26.76,1.91,0,0,20,0,0,0,3
234,6,27.43,3.51,0,0,20,0,0,0,3
234,7,8.52,3.48,0,0,20,0,20,0,3
235,1,7.24,2.75,29.54,2.14,30,30,0,1,6
235,2,9.91,1.24,29.54,2.14,30,30,0,1,6
235,3,7.88,3.96,29.54,2.14,30,30,0,1,6
235,4,8.36,3.55,29.54,2.14,30,30,30,1,6
235,5,28.83,2.75,0,0,30,0,0,0,6
235,6,23.51,3.96,0,0,30,0,0,0,6
235,7,7.96,3.55,0,0,30,0,30,0,6
236,1,9.85,2.13,22.37,3.29,30,30,0,1,6
236,2,9.87,1.58,22.37,3.29,30,30,0,1,6
236,3,8.82,3.81,22.37,3.29,30,30,0,1,6
236,4,7.79,4.19,22.37,3.29,30,30,30,1,6
236,5,24.79,2.13,0,0,30,0,0,0,6
236,6,20.35,3.81,0,0,30,0,0,0,6
236,7,6.59,4.19,0,0,30,0,30,0,6
237,1,7.46,1.98,23.16,2.77,30,30,0,1,6
237,2,8.73,1.49,23.16,2.77,30,30,0,1,6
237,3,7.42,4.27,23.16,2.77,30,30,0,1,6
237,4,7.04,4.43,23.16,2.77,30,30,30,1,6
237,5,22.84,1.98,0,0,30,0,0,0,6
237,6,20.37,4.27,0,0,30,0,0,0,6
237,7,4.85,4.43,0,0,30,0,30,0,6
238,1,9.78,2.67,25.34,2.74,30,30,0,1,7
238,2,7.06,1.57,25.34,2.74,30,30,0,1,7
238,3,7.43,3.97,25.34,2.74,30,30,0,1,7
238,4,6.06,3.33,25.34,2.74,30,30,30,1,7
238,5,22.7,2.67,0,0,30,0,0,0,7
238,6,25.24,3.97,0,0,30,0,0,0,7
238,7,6.76,3.33,0,0,30,0,30,0,7
239,1,8.04,2.74,26.21,2.67,20,20,0,1,5
239,2,12.9,1.74,26.21,2.67,20,20,0,1,5
239,3,8.54,3.72,26.21,2.67,20,20,0,1,5
239,4,5.44,4.31,26.21,2.67,20,20,20,1,5
239,5,23.25,2.74,0,0,20,0,0,0,5
239,6,29.1,3.72,0,0,20,0,0,0,5
239,7,8.56,4.31,0,0,20,0,20,0,5
240,1,5.14,2.16,29.39,2.6,30,30,0,1,5
240,2,10.46,1.38,29.39,2.6,30,30,0,1,5
240,3,7.46,4.1,29.39,2.6,30,30,0,1,5
240,4,7.59,3.92,29.39,2.6,30,30,30,1,5
240,5,18.7,2.16,0,0,30,0,0,0,5
240,6,22.97,4.1,0,0,30,0,0,0,5
240,7,5.88,3.92,0,0,30,0,30,0,5
241,1,7.03,2.56,26.07,2.19,40,40,0,1,6
241,2,10.65,1.64,26.07,2.19,40,40,0,1,6
241,3,8.87,4.42,26.07,2.19,40,40,0,1,6
241,4,5.53,4.88,26.07,2.19,40,40,40,1,6
241,5,22.95,2.56,0,0,40,0,0,0,6
241,6,25.59,4.42,0,0,40,0,0,0,6
241,7,6.84,4.88,0,0,40,0,40,0,6
242,1,6.47,1.82,24.83,2.8,20,20,0,1,5
242,2,8.82,1.27,24.83,2.8,20,20,0,1,5
242,3,7.84,3.94,24.83,2.8,20,20,0,1,5
242,4,6.68,4.31,24.83,2.8,20,20,20,1,5
242,5,23.61,1.82,0,0,20,0,0,0,5
242,6,24.84,3.94,0,0,20,0,0,0,5
242,7,7.11,4.31,0,0,20,0,20,0,5
243,1,8.43,2.07,22.26,2.34,50,50,0,1,6
243,2,9.63,1.05,22.26,2.34,50,50,0,1,6
243,3,8.05,3.21,22.26,2.34,50,50,0,1,6
243,4,8.11,3.47,22.26,2.34,50,50,50,1,6
243,5,23.16,2.07,0,0,50,0,0,0,6
243,6,22.62,3.21,0,0,50,0,0,0,6
243,7,7.17,3.47,0,0,50,0,50,0,6
244,1,6.9,1.66,24.93,2.71,50,50,0,1,6
244,2,11.44,1.65,24.93,2.71,50,50,0,1,6
244,3,8.65,3.37,24.93,2.71,50,50,0,1,6
244,4,8.32,4.19,24.93,2.71,50,50,50,1,6
244,5,23.96,1.66,0,0,50,0,0,0,6
244,6,20.31,3.37,0,0,50,0,0,0,6
244,7,5.9,4.19,0,0,50,0,50,0,6
245,1,9.1,2.57,21.11,2.6,70,70,0,1,6
245,2,11.06,2.12,21.11,2.6,70,70,0,1,6
245,3,9.5,4.87,21.11,2.6,70,70,0,1,6
245,4,8.44,3.96,21.11,2.6,70,70,70,1,6
245,5,27.73,2.57,0,0,70,0,0,0,6
245,6,31.82,4.87,0,0,70,0,0,0,6
245,7,7.49,3.96,0,0,70,0,70,0,6
246,1,7.18,2.27,28.39,2.03,60,60,0,1,2
246,2,7.79,1.35,28.39,2.03,60,60,0,1,2
246,3,7.19,2.82,28.39,2.03,60,60,0,1,2
246,4,7.15,2.99,28.39,2.03,60,60,60,1,2
246,5,18.29,2.27,0,0,60,0,0,0,2
246,6,24.96,2.82,0,0,60,0,0,0,2
246,7,6.21,2.99,0,0,60,0,60,0,2
247,1,9.34,2.42,22.81,2.52,20,20,0,1,3
247,2,12.24,1.54,22.81,2.52,20,20,0,1,3
247,3,10.72,4.44,22.81,2.52,20,20,0,1,3
247,4,7.91,3.98,22.81,2.52,20,20,20,1,3
247,5,33.23,2.42,0,0,20,0,0,0,3
247,6,28.98,4.44,0,0,20,0,0,0,3
247,7,9.98,3.98,0,0,20,0,20,0,3
248,1,7.2,2.02,26.38,2.2,70,70,0,1,6
248,2,12.55,1.64,26.38,2.2,70,70,0,1,6
248,3,7.73,4.01,26.38,2.2,70,70,0,1,6
248,4,8.86,4.17,26.38,2.2,70,70,70,1,6
248,5,22.83,2.02,0,0,70,0,0,0,6
248,6,26.19,4.01,0,0,70,0,0,0,6
248,7,9.46,4.17,0,0,70,0,70,0,6
249,1,6.89,2.06,29.4,2.51,50,50,0,1,6
249,2,11.81,1.25,29.4,2.51,50,50,0,1,6
249,3,7.73,4.42,29.4,2.51,50,50,0,1,6
249,4,9.74,3.77,29.4,2.51,50,50,50,1,6
249,5,30.12,2.06,0,0,50,0,0,0,6
249,6,32.1,4.42,0,0,50,0,0,0,6
249,7,7.27,3.77,0,0,50,0,50,0,6
250,1,9.91,2.88,25.62,2.5,60,60,0,1,6
250,2,8.17,1.63,25.62,2.5,60,60,0,1,6
250,3,8.81,4.39,25.62,2.5,60,60,0,1,6
250,4,6.69,4.24,25.62,2.5,60,60,60,1,6
250,5,23.69,2.88,0,0,60,0,0,0,6
250,6,30.91,4.39,0,0,60,0,0,0,6
250,7,6.98,4.24,0,0,60,0,60,0,6
