spec,solver,converged,nll,loglik,params,aic,bic,grad_inf,grad_raw,grad_measure,min_sd,used_jax,jax_note,time_s,fun_evals,error
independent,mnl,True,229.67774347964723,-229.67774347964723,10,479.35548695929447,512.8265622664692,0.036542319496771614,0.036542319496771614,raw,,False,,0.0049991607666015625,40,
independent,normal,True,214.27627539185707,-214.27627539185707,12,452.55255078371414,492.7178411523238,5.66644785123504e-05,5.66644785123504e-05,raw,0.1429975086257402,False,,0.8454432487487793,76,
independent,lbfgsb,False,214.27675195447935,-214.27675195447935,12,452.5535039089587,492.71879427756835,0.06218167792624077,0.06218167792624077,raw,0.1429279504488882,False,,4.799483299255371,382,
independent,coupled,True,214.28217178502754,-214.28217178502754,12,452.5643435700551,492.72963393866473,0.16294006431924984,0.16294006431924984,projected,0.14988128399140518,False,disabled by caller,9.063014030456543,786,
independent,coupled_no_floor,True,214.27831052755627,-214.27831052755627,12,452.55662105511254,492.7219114237222,0.04644048761723126,0.04644048761723126,projected,0.14422222272439103,False,disabled by caller,8.663160562515259,771,
independent,coupled_jax,True,214.2829411359296,-214.2829411359296,12,452.5658822718592,492.7311726404688,0.015110190087415272,0.015110190087415272,projected,0.14542725738503642,True,jax,3.421267032623291,22,
correlated,mnl,True,229.67774347964723,-229.67774347964723,10,479.35548695929447,512.8265622664692,0.036542319496771614,0.036542319496771614,raw,,False,,0.009675741195678711,40,
correlated,normal,True,211.323003963563,-211.323003963563,13,448.646007927126,492.1584058264531,9.406190712058117e-05,9.406190712058117e-05,raw,1.3527917213300047,False,,0.9354298114776611,83,
correlated,lbfgsb,False,211.3837163318816,-211.3837163318816,13,448.7674326637632,492.2798305630903,1.0385961664445742,1.0385961664445742,raw,1.3519713993190825,False,,4.607109785079956,376,
correlated,coupled,True,211.32652778599754,-211.32652778599754,13,448.6530555719951,492.16545347132217,0.0399539699055649,0.0399539699055649,projected,1.3829136558588817,False,disabled by caller,11.562849283218384,933,
correlated,coupled_no_floor,True,211.33821114037437,-211.33821114037437,13,448.67642228074874,492.1888201800758,0.055418287955527716,0.055418287955527716,projected,1.2937669422856652,False,disabled by caller,11.690268993377686,915,
correlated,coupled_jax,True,211.33734931964696,-211.33734931964696,13,448.6746986392939,492.187096538621,0.033023579654725875,0.033023579654725875,projected,1.2944185580783656,True,jax,3.634547233581543,23,
complex,mnl,True,229.8099373457999,-229.8099373457999,11,481.6198746915998,518.438057529492,0.006701817675527466,0.006701817675527466,raw,,False,,0.025542736053466797,54,
complex,normal,True,208.84157934688938,-208.84157934688938,17,451.68315869377875,508.5839867159757,0.00010933824382066943,0.00010933824382066943,raw,1.5293211588107536,False,,3.4188811779022217,205,
complex,lbfgsb,True,213.3734593664583,-213.3734593664583,17,460.7469187329166,517.6477467551135,57.340787431622324,57.340787431622324,raw,0.8824635921599439,False,,2.8542673587799072,153,
complex,coupled,True,210.80118400635652,-210.80118400635652,17,455.60236801271304,512.50319603491,0.023027227388422358,0.5746389840650932,projected,0.05,False,disabled by caller,15.405457258224487,885,
complex,coupled_no_floor,True,210.82939875329788,-210.82939875329788,17,455.65879750659576,512.5596255287927,0.05356805964737891,0.05356805964737891,projected,0.04731775775130049,False,disabled by caller,16.9505558013916,1001,
complex,coupled_jax,True,210.80118400635652,-210.80118400635652,17,455.60236801271304,512.50319603491,0.023027227388422358,0.5746389840650932,projected,0.05,False,Kftrans outside JAX likelihood,14.983096837997437,885,
